sale_id,customer_id,product_id,quantity,sale_date,payment_method
1,14,47,5,2025-03-18,Debit Card
2,240,71,2,2025-06-07,UPI
3,34,40,4,2024-09-07,Cash on Delivery
4,394,53,5,2022-06-01,Credit Card
5,498,41,1,2024-07-10,Cash on Delivery
6,349,67,3,2022-09-20,Credit Card
7,394,17,4,2024-10-26,UPI
8,426,16,5,2022-11-10,Debit Card
9,85,21,3,2023-04-07,Debit Card
10,486,67,3,2022-06-11,Debit Card
11,101,82,5,2023-07-17,Credit Card
12,321,39,5,2024-12-28,UPI
13,258,83,2,2025-04-27,Credit Card
14,88,85,5,2025-05-24,Debit Card
15,432,73,1,2022-02-28,UPI
16,24,83,5,2023-06-27,Credit Card
17,393,74,4,2025-06-19,UPI
18,255,81,5,2023-08-17,Debit Card
19,248,32,4,2023-09-02,Cash on Delivery
20,38,89,1,2022-11-20,Cash on Delivery
21,213,62,4,2023-02-22,Debit Card
22,311,19,3,2023-10-16,Debit Card
23,500,52,2,2024-01-29,UPI
24,164,31,4,2022-09-08,Debit Card
25,231,32,2,2022-07-18,UPI
26,149,50,5,2024-05-06,Credit Card
27,493,21,3,2025-03-29,Debit Card
28,98,98,2,2024-10-17,Cash on Delivery
29,256,40,4,2022-02-17,UPI
30,484,51,5,2024-07-25,Credit Card
31,111,75,3,2022-04-10,UPI
32,145,64,5,2025-09-01,Cash on Delivery
33,147,69,1,2022-08-09,Cash on Delivery
34,69,34,3,2024-04-05,Debit Card
35,24,52,1,2025-03-13,Credit Card
36,186,71,3,2022-05-31,Cash on Delivery
37,259,58,5,2023-07-27,UPI
38,66,13,4,2024-02-04,Debit Card
39,286,47,2,2023-02-12,Cash on Delivery
40,257,6,1,2022-03-21,Credit Card
41,366,43,4,2024-11-29,Cash on Delivery
42,77,78,5,2022-10-14,Debit Card
43,477,79,3,2022-11-29,Cash on Delivery
44,316,95,3,2025-04-30,Debit Card
45,260,66,5,2024-09-30,Debit Card
46,244,3,3,2023-11-10,UPI
47,214,75,3,2025-07-12,UPI
48,306,61,3,2025-09-04,Credit Card
49,370,7,5,2024-09-10,Credit Card
50,269,81,5,2024-02-18,Credit Card
51,421,88,2,2022-03-06,UPI
52,98,3,4,2023-10-05,Cash on Delivery
53,78,53,2,2024-04-20,Cash on Delivery
54,447,95,1,2022-10-10,Credit Card
55,288,42,4,2024-12-12,Cash on Delivery
56,161,23,4,2024-12-27,Debit Card
57,280,46,3,2025-06-03,Cash on Delivery
58,99,32,3,2025-02-16,Debit Card
59,116,39,3,2023-03-01,Cash on Delivery
60,163,62,3,2025-02-21,Debit Card
61,148,16,5,2025-10-17,Cash on Delivery
62,459,51,3,2022-10-27,Debit Card
63,22,37,1,2023-12-11,Cash on Delivery
64,336,33,4,2023-03-15,Credit Card
65,424,69,3,2025-02-25,Debit Card
66,71,14,5,2025-04-16,Credit Card
67,125,7,5,2023-04-08,Credit Card
68,27,13,4,2023-11-08,Cash on Delivery
69,52,88,2,2022-01-11,Credit Card
70,209,84,4,2024-09-04,Credit Card
71,388,37,3,2023-08-08,UPI
72,465,99,1,2025-08-28,Credit Card
73,274,95,1,2022-12-25,Cash on Delivery
74,452,23,1,2024-03-24,Cash on Delivery
75,96,96,3,2022-03-18,UPI
76,153,73,5,2022-08-08,Debit Card
77,146,59,5,2024-12-09,Cash on Delivery
78,456,18,5,2024-08-16,Debit Card
79,99,15,3,2022-11-29,Cash on Delivery
80,332,33,2,2022-01-29,Debit Card
81,405,38,5,2025-10-13,Credit Card
82,90,79,4,2024-05-25,Debit Card
83,45,52,1,2023-01-14,Credit Card
84,245,42,2,2022-01-14,Debit Card
85,197,31,4,2023-07-01,Debit Card
86,155,75,5,2022-01-24,Debit Card
87,335,47,2,2022-05-08,UPI
88,239,40,2,2024-04-10,Debit Card
89,354,16,3,2024-01-23,Credit Card
90,113,18,4,2022-11-10,Cash on Delivery
91,383,78,3,2024-05-01,Cash on Delivery
92,388,69,2,2023-05-22,UPI
93,270,58,5,2024-01-11,UPI
94,470,73,1,2022-05-07,Credit Card
95,294,69,2,2022-12-03,Debit Card
96,438,67,4,2022-08-27,Credit Card
97,368,75,4,2022-07-06,Cash on Delivery
98,415,8,4,2022-09-28,Cash on Delivery
99,234,73,1,2025-02-18,Cash on Delivery
100,345,40,1,2024-03-21,Debit Card
101,419,1,2,2025-03-30,UPI
102,24,55,3,2022-05-11,UPI
103,479,9,4,2022-03-06,Debit Card
104,210,24,2,2025-08-06,Cash on Delivery
105,192,49,4,2024-02-13,Cash on Delivery
106,42,88,5,2022-09-30,Debit Card
107,61,23,5,2024-03-15,Credit Card
108,373,29,1,2022-02-16,Debit Card
109,238,87,5,2024-05-18,Cash on Delivery
110,422,30,2,2024-08-01,Debit Card
111,80,36,2,2022-08-20,UPI
112,415,85,4,2025-06-13,UPI
113,124,27,1,2022-07-26,UPI
114,229,77,1,2023-05-17,UPI
115,206,57,2,2025-01-10,Credit Card
116,387,100,1,2022-10-14,Debit Card
117,120,94,5,2023-10-16,Debit Card
118,122,39,2,2025-09-14,Credit Card
119,212,39,3,2022-05-05,Credit Card
120,321,87,4,2025-02-12,Cash on Delivery
121,25,45,4,2024-12-10,Debit Card
122,357,54,4,2022-11-02,Debit Card
123,193,24,5,2024-08-27,Credit Card
124,435,29,3,2022-10-23,Cash on Delivery
125,469,8,5,2024-04-25,Cash on Delivery
126,286,68,2,2024-03-06,Credit Card
127,131,27,3,2025-08-17,UPI
128,473,58,3,2022-07-09,Credit Card
129,27,35,4,2025-10-11,UPI
130,448,10,2,2025-04-18,Credit Card
131,246,27,3,2023-09-13,UPI
132,109,25,1,2024-09-07,Credit Card
133,357,78,2,2024-03-23,Credit Card
134,283,42,3,2024-02-19,Cash on Delivery
135,274,84,3,2023-09-24,Debit Card
136,185,66,4,2024-08-12,UPI
137,412,93,4,2023-10-18,Credit Card
138,190,41,4,2022-04-04,Credit Card
139,380,19,1,2023-06-19,Cash on Delivery
140,152,20,2,2023-11-07,Credit Card
141,195,73,2,2024-10-19,Debit Card
142,132,98,4,2025-08-07,Cash on Delivery
143,236,22,3,2022-12-13,Credit Card
144,369,70,4,2023-01-12,UPI
145,269,5,1,2025-09-30,UPI
146,392,1,4,2022-10-09,Credit Card
147,35,91,2,2022-01-19,Credit Card
148,259,59,3,2022-05-04,Cash on Delivery
149,338,63,1,2022-01-14,Cash on Delivery
150,7,3,5,2023-07-17,Debit Card
151,9,65,4,2023-01-03,UPI
152,471,13,5,2022-11-01,Credit Card
153,99,80,5,2023-06-01,Debit Card
154,137,51,1,2024-02-04,Cash on Delivery
155,236,73,2,2023-04-08,Debit Card
156,351,11,1,2022-07-11,Cash on Delivery
157,195,49,5,2024-09-01,UPI
158,327,2,2,2022-06-19,Cash on Delivery
159,433,56,3,2025-03-04,UPI
160,459,68,1,2023-04-16,Credit Card
161,462,89,5,2024-08-31,Debit Card
162,24,10,3,2025-01-17,UPI
163,92,41,1,2023-03-01,Credit Card
164,386,92,4,2022-06-07,Debit Card
165,84,73,2,2025-03-06,Cash on Delivery
166,347,70,3,2024-02-26,Credit Card
167,405,89,1,2024-10-22,Debit Card
168,28,13,4,2023-04-21,UPI
169,175,78,5,2025-05-04,Cash on Delivery
170,497,100,3,2022-03-02,Debit Card
171,402,58,4,2023-04-13,Debit Card
172,284,49,4,2023-01-16,Cash on Delivery
173,44,99,5,2023-08-28,Credit Card
174,366,10,1,2023-07-03,Credit Card
175,195,92,2,2024-03-08,Debit Card
176,185,14,1,2022-01-11,Debit Card
177,228,47,3,2022-07-29,Credit Card
178,45,24,4,2024-07-08,Cash on Delivery
179,53,4,1,2023-12-26,UPI
180,306,77,3,2024-02-28,UPI
181,150,53,4,2022-06-23,Credit Card
182,293,67,2,2024-02-19,Credit Card
183,72,35,3,2023-07-04,Cash on Delivery
184,75,9,2,2024-06-09,Debit Card
185,216,39,4,2022-06-07,Debit Card
186,129,32,4,2025-05-01,Credit Card
187,235,14,2,2023-09-16,UPI
188,486,51,3,2025-06-24,Cash on Delivery
189,412,43,4,2023-11-17,Cash on Delivery
190,418,84,5,2022-10-06,Debit Card
191,165,78,2,2024-09-08,Debit Card
192,91,51,3,2023-08-20,Cash on Delivery
193,496,74,2,2023-10-30,Cash on Delivery
194,144,51,3,2022-08-22,Credit Card
195,304,70,2,2025-10-28,UPI
196,488,94,4,2023-03-06,Cash on Delivery
197,409,38,1,2024-04-17,Cash on Delivery
198,72,82,3,2023-05-11,Debit Card
199,338,20,4,2024-02-12,UPI
200,230,77,4,2025-04-07,Cash on Delivery
201,274,65,4,2025-01-18,UPI
202,405,47,5,2025-05-01,UPI
203,56,99,2,2025-09-08,Debit Card
204,86,83,5,2022-04-01,Cash on Delivery
205,496,97,3,2024-05-31,UPI
206,6,13,3,2023-03-31,Credit Card
207,229,48,4,2024-08-06,Credit Card
208,177,4,4,2022-08-03,Debit Card
209,213,11,1,2022-10-18,Debit Card
210,160,44,4,2023-02-28,Cash on Delivery
211,179,61,1,2024-06-16,Cash on Delivery
212,164,9,3,2022-04-02,UPI
213,12,44,1,2025-10-18,Credit Card
214,477,95,2,2024-11-22,Credit Card
215,283,21,3,2025-02-20,Cash on Delivery
216,491,60,2,2024-04-09,Credit Card
217,96,82,4,2024-03-21,UPI
218,378,79,2,2024-07-09,Cash on Delivery
219,200,1,2,2023-02-26,Debit Card
220,386,91,1,2025-03-28,UPI
221,410,69,2,2024-01-20,Debit Card
222,101,59,1,2023-06-22,Cash on Delivery
223,271,82,3,2025-05-07,Cash on Delivery
224,313,51,5,2022-08-22,Debit Card
225,181,59,5,2022-12-20,Debit Card
226,471,79,5,2022-06-23,Credit Card
227,161,16,2,2023-09-18,UPI
228,94,48,2,2024-11-12,Cash on Delivery
229,215,77,2,2025-03-23,Cash on Delivery
230,217,24,4,2025-07-25,Credit Card
231,285,22,4,2023-08-15,Credit Card
232,96,41,4,2025-06-22,UPI
233,444,46,1,2024-09-19,Credit Card
234,100,50,5,2024-11-01,Cash on Delivery
235,210,88,4,2024-05-01,Cash on Delivery
236,251,22,1,2025-03-03,UPI
237,408,98,2,2023-08-22,UPI
238,141,29,5,2023-08-15,Credit Card
239,400,59,5,2024-10-11,UPI
240,294,15,3,2025-01-17,Debit Card
241,278,97,1,2024-06-22,Credit Card
242,218,14,2,2023-09-02,UPI
243,231,34,3,2022-06-28,Cash on Delivery
244,444,16,2,2023-03-06,Debit Card
245,441,91,5,2025-07-19,Cash on Delivery
246,85,79,2,2023-02-28,Credit Card
247,413,8,5,2023-12-20,Debit Card
248,306,69,2,2023-10-25,Debit Card
249,149,74,3,2024-11-19,UPI
250,70,97,4,2022-05-02,Debit Card
251,444,84,2,2022-09-29,Credit Card
252,75,92,3,2023-05-22,Cash on Delivery
253,251,19,5,2025-07-19,Debit Card
254,322,54,4,2024-07-14,UPI
255,325,99,1,2024-04-05,Debit Card
256,356,48,4,2024-09-26,Debit Card
257,298,1,1,2024-07-27,Debit Card
258,436,9,5,2024-03-25,Credit Card
259,496,55,2,2024-10-10,Debit Card
260,166,37,3,2025-01-25,Credit Card
261,290,63,3,2025-10-29,UPI
262,24,13,4,2022-02-03,UPI
263,476,21,4,2024-07-23,UPI
264,491,55,2,2022-09-28,Debit Card
265,82,36,1,2025-09-02,Debit Card
266,129,11,3,2025-09-22,Credit Card
267,27,51,3,2023-04-25,Cash on Delivery
268,336,12,1,2022-01-03,Credit Card
269,245,10,2,2025-04-30,Credit Card
270,266,88,4,2022-01-20,UPI
271,357,44,1,2024-05-14,Credit Card
272,245,10,2,2024-02-24,UPI
273,375,14,1,2023-10-04,Debit Card
274,452,39,2,2024-02-23,Credit Card
275,329,87,2,2022-05-21,UPI
276,313,84,2,2024-06-20,Debit Card
277,370,28,2,2024-04-23,Cash on Delivery
278,441,28,1,2022-07-25,Credit Card
279,386,16,5,2024-02-26,Debit Card
280,494,55,3,2022-10-14,Credit Card
281,142,83,1,2023-05-24,Debit Card
282,399,89,1,2025-09-10,Debit Card
283,106,67,5,2024-11-09,Credit Card
284,383,51,3,2025-08-16,UPI
285,402,31,4,2024-03-01,UPI
286,124,64,5,2022-05-26,UPI
287,185,41,2,2024-03-03,Cash on Delivery
288,188,70,2,2024-08-22,UPI
289,9,76,1,2022-01-29,Debit Card
290,111,6,1,2024-03-26,Debit Card
291,322,92,5,2024-04-30,Cash on Delivery
292,360,52,1,2025-08-04,Credit Card
293,143,11,3,2022-06-11,Credit Card
294,499,20,5,2023-11-01,Cash on Delivery
295,301,82,1,2023-09-28,Cash on Delivery
296,374,31,1,2023-05-16,UPI
297,474,56,1,2024-07-17,UPI
298,159,86,2,2022-09-02,UPI
299,363,18,1,2022-12-02,Cash on Delivery
300,488,45,5,2024-11-25,Debit Card
301,86,48,2,2023-07-05,UPI
302,395,4,3,2024-05-29,Debit Card
303,269,9,3,2025-03-26,UPI
304,255,59,5,2024-01-08,UPI
305,256,73,2,2024-01-24,Credit Card
306,131,99,1,2025-03-21,UPI
307,117,95,5,2022-01-06,UPI
308,440,2,2,2022-04-05,Cash on Delivery
309,187,50,2,2023-01-02,UPI
310,284,92,4,2023-04-05,Debit Card
311,128,54,3,2023-07-10,UPI
312,293,48,1,2024-10-25,UPI
313,92,29,5,2022-04-05,Cash on Delivery
314,36,60,3,2023-09-29,Debit Card
315,45,71,4,2022-01-17,Debit Card
316,103,38,5,2023-09-15,Credit Card
317,238,48,5,2024-10-07,Credit Card
318,376,70,2,2022-11-05,UPI
319,478,53,1,2023-04-23,Debit Card
320,326,89,1,2023-11-18,UPI
321,389,85,4,2023-09-22,UPI
322,106,68,2,2024-05-09,Cash on Delivery
323,493,8,2,2023-07-28,UPI
324,23,30,5,2024-04-25,Debit Card
325,235,96,1,2025-04-04,UPI
326,259,18,4,2022-06-03,UPI
327,223,85,2,2023-04-30,Debit Card
328,134,41,4,2023-10-31,Debit Card
329,232,35,2,2022-06-02,Credit Card
330,70,100,5,2022-08-12,Credit Card
331,55,22,4,2024-08-12,Debit Card
332,209,16,5,2024-01-04,Credit Card
333,232,40,4,2023-06-27,UPI
334,47,21,3,2025-05-20,UPI
335,111,42,2,2022-07-06,Credit Card
336,496,46,4,2024-11-17,UPI
337,347,39,3,2022-12-23,UPI
338,488,52,4,2025-02-12,Credit Card
339,49,60,1,2022-10-14,UPI
340,7,8,2,2022-09-25,Credit Card
341,422,52,3,2025-07-14,UPI
342,299,76,3,2022-06-03,UPI
343,34,26,4,2022-09-21,UPI
344,464,43,1,2022-03-29,Cash on Delivery
345,26,22,5,2024-06-06,Cash on Delivery
346,255,4,4,2025-10-31,Cash on Delivery
347,89,46,2,2023-01-19,Debit Card
348,144,58,2,2022-03-12,Credit Card
349,332,38,4,2024-04-23,Cash on Delivery
350,32,12,3,2024-02-24,Credit Card
351,215,26,5,2023-05-26,UPI
352,196,92,3,2024-09-09,Cash on Delivery
353,177,73,5,2023-10-21,Cash on Delivery
354,139,24,1,2023-10-16,Credit Card
355,16,100,3,2022-04-30,Cash on Delivery
356,272,46,5,2023-04-22,Credit Card
357,52,32,2,2023-06-30,UPI
358,392,29,5,2024-03-06,Debit Card
359,479,23,2,2023-04-30,Debit Card
360,413,95,3,2025-04-26,UPI
361,361,90,3,2025-03-08,Credit Card
362,289,25,4,2025-01-15,Debit Card
363,90,63,1,2022-07-04,UPI
364,120,78,2,2022-02-10,Cash on Delivery
365,1,43,5,2023-02-17,Credit Card
366,175,92,2,2023-10-25,UPI
367,12,19,5,2022-10-18,UPI
368,434,68,3,2022-05-29,Debit Card
369,361,85,4,2025-04-15,UPI
370,173,39,3,2022-10-07,Credit Card
371,375,56,4,2025-08-22,Debit Card
372,90,91,5,2025-06-10,Debit Card
373,115,86,5,2022-12-26,Cash on Delivery
374,158,94,3,2022-09-18,Credit Card
375,374,1,5,2024-03-12,UPI
376,94,78,3,2025-06-06,Credit Card
377,328,73,1,2024-10-13,Credit Card
378,170,96,1,2023-05-03,Debit Card
379,164,22,1,2025-10-04,Debit Card
380,229,2,3,2023-03-06,Credit Card
381,355,9,3,2023-06-10,UPI
382,369,1,1,2024-03-01,Cash on Delivery
383,376,54,2,2024-04-27,Cash on Delivery
384,452,49,3,2025-01-23,Cash on Delivery
385,52,62,5,2025-08-26,Credit Card
386,84,58,1,2022-03-10,Debit Card
387,11,41,3,2022-08-03,UPI
388,176,22,4,2022-11-26,UPI
389,281,12,3,2025-05-01,Cash on Delivery
390,361,4,4,2025-08-31,Credit Card
391,311,56,2,2022-04-20,UPI
392,170,27,2,2024-04-18,Debit Card
393,339,37,3,2023-05-02,UPI
394,26,51,5,2025-01-30,Cash on Delivery
395,79,7,3,2022-01-08,Cash on Delivery
396,45,38,5,2024-09-10,Credit Card
397,50,4,2,2022-12-16,Debit Card
398,42,61,1,2023-09-24,Cash on Delivery
399,242,63,3,2022-07-06,Cash on Delivery
400,95,48,4,2024-01-27,Credit Card
401,229,6,3,2024-06-19,Cash on Delivery
402,135,29,3,2025-03-01,UPI
403,78,97,1,2022-06-25,Debit Card
404,414,70,4,2025-04-22,Credit Card
405,284,8,4,2024-12-06,Cash on Delivery
406,495,69,4,2025-03-18,Credit Card
407,244,39,1,2024-03-19,UPI
408,258,74,5,2025-03-16,Credit Card
409,62,97,4,2022-12-21,Credit Card
410,498,28,2,2022-09-16,UPI
411,217,11,4,2023-02-18,Credit Card
412,428,77,3,2023-10-17,UPI
413,45,50,5,2024-03-24,Debit Card
414,439,36,5,2024-07-27,UPI
415,403,90,5,2025-04-18,Cash on Delivery
416,58,54,2,2022-10-31,UPI
417,474,14,5,2022-07-26,Debit Card
418,445,69,3,2024-04-21,Debit Card
419,197,84,4,2025-03-17,Cash on Delivery
420,20,23,3,2024-04-05,Credit Card
421,317,78,4,2022-03-21,Cash on Delivery
422,456,43,2,2022-04-11,Cash on Delivery
423,472,35,3,2022-02-11,Debit Card
424,419,39,3,2023-07-29,Cash on Delivery
425,440,90,1,2023-04-12,Credit Card
426,154,96,4,2023-10-20,Debit Card
427,374,54,5,2025-08-15,UPI
428,97,57,2,2024-04-13,Cash on Delivery
429,389,67,3,2022-04-26,Credit Card
430,34,40,5,2024-04-06,Credit Card
431,400,68,5,2022-03-01,Credit Card
432,99,26,1,2023-05-26,UPI
433,234,7,3,2023-02-12,Debit Card
434,189,60,5,2024-03-23,UPI
435,349,4,2,2024-02-02,Cash on Delivery
436,305,58,2,2024-08-29,Debit Card
437,177,21,3,2022-07-05,Debit Card
438,15,50,1,2022-11-30,Credit Card
439,439,29,2,2025-10-19,Credit Card
440,138,84,4,2024-11-17,UPI
441,443,100,1,2024-08-28,Credit Card
442,332,23,5,2022-01-18,Credit Card
443,130,78,3,2025-08-09,Debit Card
444,217,49,3,2024-07-29,Debit Card
445,112,60,3,2025-10-18,Cash on Delivery
446,300,14,1,2024-11-13,Debit Card
447,288,83,5,2025-06-01,Debit Card
448,153,88,1,2024-09-13,UPI
449,173,36,3,2023-07-22,Debit Card
450,336,92,3,2023-01-21,Credit Card
451,265,98,2,2022-04-27,Cash on Delivery
452,339,41,2,2022-02-22,Cash on Delivery
453,152,34,4,2024-04-08,Cash on Delivery
454,378,5,5,2025-03-17,Credit Card
455,176,93,2,2024-12-30,Cash on Delivery
456,465,86,3,2024-11-04,Debit Card
457,433,22,5,2023-01-06,Debit Card
458,50,61,2,2023-06-14,Credit Card
459,485,88,3,2025-09-02,UPI
460,114,46,2,2023-09-21,Cash on Delivery
461,404,43,3,2023-06-18,Debit Card
462,238,16,4,2022-04-20,UPI
463,242,25,5,2022-09-03,Cash on Delivery
464,272,39,4,2022-04-21,Credit Card
465,71,26,3,2024-04-18,Cash on Delivery
466,74,41,2,2022-06-15,Cash on Delivery
467,171,81,2,2023-10-04,UPI
468,3,58,3,2023-03-05,Credit Card
469,296,98,2,2024-09-29,UPI
470,67,79,4,2025-07-21,Cash on Delivery
471,207,55,4,2024-02-25,UPI
472,20,69,2,2024-02-04,UPI
473,457,42,5,2023-01-26,UPI
474,347,1,2,2023-04-09,Debit Card
475,160,17,1,2024-02-25,Debit Card
476,86,9,1,2023-09-03,Debit Card
477,234,94,5,2025-05-06,Debit Card
478,223,88,2,2023-12-03,Cash on Delivery
479,184,97,2,2022-12-04,Cash on Delivery
480,10,30,2,2022-09-26,Credit Card
481,376,3,5,2024-10-30,Credit Card
482,64,47,1,2024-02-08,Debit Card
483,395,69,5,2022-04-10,UPI
484,339,14,1,2022-04-09,UPI
485,214,57,4,2022-09-11,Debit Card
486,243,90,2,2023-02-25,UPI
487,155,54,1,2025-09-18,Debit Card
488,319,78,2,2024-05-07,UPI
489,262,93,5,2022-08-30,Debit Card
490,59,14,4,2023-02-11,Credit Card
491,399,34,5,2023-02-18,Debit Card
492,361,53,3,2022-11-25,UPI
493,281,64,2,2024-09-11,Debit Card
494,121,1,1,2025-10-07,UPI
495,465,15,5,2025-10-02,Cash on Delivery
496,77,12,5,2022-06-03,UPI
497,464,33,2,2024-07-24,Debit Card
498,136,60,1,2022-07-24,Credit Card
499,448,6,3,2024-01-08,Debit Card
500,219,95,1,2022-07-14,UPI
501,5,18,2,2023-11-05,Debit Card
502,458,57,5,2023-07-04,UPI
503,191,44,2,2022-08-22,Cash on Delivery
504,205,59,3,2024-02-29,Cash on Delivery
505,410,54,2,2022-08-20,Credit Card
506,357,93,1,2022-11-23,UPI
507,214,76,4,2025-03-11,Cash on Delivery
508,93,79,4,2024-01-05,UPI
509,442,88,2,2024-09-16,Cash on Delivery
510,58,53,4,2022-04-05,UPI
511,134,84,3,2022-01-26,Credit Card
512,490,86,3,2024-11-29,UPI
513,222,85,2,2024-09-13,Debit Card
514,340,87,4,2022-11-01,UPI
515,6,83,2,2024-11-01,Cash on Delivery
516,437,64,2,2022-06-03,Cash on Delivery
517,165,31,3,2023-07-24,UPI
518,260,29,5,2025-08-10,Cash on Delivery
519,207,31,1,2024-07-29,Cash on Delivery
520,411,74,4,2022-06-30,Cash on Delivery
521,229,41,1,2024-10-15,UPI
522,53,52,4,2022-03-15,UPI
523,423,12,5,2025-06-21,Debit Card
524,456,66,5,2023-02-28,Cash on Delivery
525,487,44,3,2022-04-22,Credit Card
526,433,59,3,2025-02-21,Cash on Delivery
527,367,85,3,2024-07-15,UPI
528,50,98,2,2022-01-05,Debit Card
529,182,82,3,2025-01-26,Debit Card
530,360,14,1,2022-12-03,Cash on Delivery
531,72,92,4,2022-08-08,Debit Card
532,313,26,2,2022-09-05,Cash on Delivery
533,111,59,2,2023-11-24,UPI
534,388,54,1,2025-07-20,UPI
535,396,58,4,2025-09-10,Credit Card
536,494,64,1,2024-12-22,UPI
537,284,56,5,2024-09-16,Credit Card
538,355,75,2,2022-09-20,UPI
539,199,85,5,2025-05-26,Debit Card
540,259,50,4,2025-06-01,Credit Card
541,141,51,3,2023-08-26,Cash on Delivery
542,413,18,2,2024-04-25,Debit Card
543,432,90,5,2023-10-05,Credit Card
544,103,27,5,2023-08-19,Debit Card
545,472,87,2,2025-08-24,Credit Card
546,258,70,3,2022-08-25,Debit Card
547,288,62,5,2025-03-14,Cash on Delivery
548,346,96,5,2023-08-09,Cash on Delivery
549,414,2,5,2022-08-07,UPI
550,196,19,1,2025-10-04,UPI
551,103,35,2,2023-08-10,Debit Card
552,75,8,3,2023-02-22,UPI
553,184,58,1,2025-06-15,Credit Card
554,381,83,5,2024-03-07,Credit Card
555,262,90,3,2025-09-22,UPI
556,475,49,4,2024-05-03,Debit Card
557,495,71,1,2022-01-27,Debit Card
558,104,80,4,2023-04-07,Debit Card
559,387,76,5,2025-05-20,Credit Card
560,398,93,2,2023-08-26,Cash on Delivery
561,91,88,1,2023-01-18,Credit Card
562,377,66,1,2024-02-12,UPI
563,220,36,5,2023-06-26,Credit Card
564,83,75,3,2022-01-12,Debit Card
565,239,91,2,2022-03-23,Credit Card
566,476,42,5,2022-04-15,Debit Card
567,252,74,5,2024-01-04,UPI
568,402,91,3,2024-12-12,Credit Card
569,490,24,5,2022-05-20,Credit Card
570,213,70,5,2024-04-06,UPI
571,179,29,2,2025-09-20,Debit Card
572,170,47,3,2023-03-24,Cash on Delivery
573,288,97,1,2022-08-23,Debit Card
574,229,31,5,2025-06-26,Credit Card
575,491,6,3,2024-02-21,UPI
576,198,33,5,2023-08-03,UPI
577,467,67,3,2024-11-19,Cash on Delivery
578,250,6,3,2025-08-27,Credit Card
579,165,66,1,2022-07-16,Credit Card
580,498,99,5,2024-12-28,UPI
581,321,9,2,2025-10-04,Credit Card
582,443,88,4,2022-08-01,Credit Card
583,276,90,4,2025-08-17,UPI
584,383,88,2,2022-02-18,Cash on Delivery
585,368,43,1,2022-06-29,UPI
586,28,23,3,2025-02-16,UPI
587,295,30,3,2024-04-14,Cash on Delivery
588,231,81,4,2024-06-05,Debit Card
589,9,50,1,2024-12-31,UPI
590,329,93,5,2022-05-10,UPI
591,359,10,3,2024-10-26,UPI
592,149,88,3,2025-05-27,UPI
593,145,98,4,2024-02-21,Cash on Delivery
594,421,85,1,2024-08-28,Credit Card
595,274,29,2,2024-03-11,Debit Card
596,492,82,2,2023-09-03,Debit Card
597,491,2,5,2025-02-10,Credit Card
598,64,6,1,2025-03-18,Cash on Delivery
599,276,71,1,2023-09-17,Credit Card
600,384,95,3,2023-03-10,Cash on Delivery
601,464,83,5,2022-10-19,Credit Card
602,95,29,5,2023-06-02,Credit Card
603,59,24,5,2022-04-22,Cash on Delivery
604,331,71,1,2023-08-19,UPI
605,129,13,2,2025-04-04,Cash on Delivery
606,488,43,3,2022-09-20,Credit Card
607,52,37,5,2022-05-23,Credit Card
608,163,63,4,2023-11-04,Debit Card
609,356,75,2,2025-03-04,Debit Card
610,414,41,4,2022-12-12,UPI
611,161,32,2,2025-08-05,Cash on Delivery
612,142,47,2,2025-10-23,Debit Card
613,450,62,4,2024-07-01,Debit Card
614,397,40,4,2025-02-03,UPI
615,90,83,5,2022-06-17,Debit Card
616,440,18,5,2023-02-07,Debit Card
617,376,81,1,2022-06-04,UPI
618,435,65,1,2025-04-06,Cash on Delivery
619,394,76,2,2022-03-17,Debit Card
620,279,70,4,2025-09-01,Credit Card
621,188,51,2,2025-04-22,Debit Card
622,69,60,5,2024-11-11,UPI
623,204,47,5,2022-01-22,Credit Card
624,435,79,2,2024-11-18,Credit Card
625,229,21,2,2025-03-05,Credit Card
626,377,94,4,2024-01-05,UPI
627,113,98,4,2023-04-20,UPI
628,136,48,2,2022-03-29,Credit Card
629,266,47,4,2024-08-19,Cash on Delivery
630,452,6,1,2025-08-21,Debit Card
631,53,91,5,2025-07-21,Debit Card
632,428,95,3,2025-03-31,Credit Card
633,193,84,4,2024-01-19,UPI
634,265,33,4,2023-04-02,Cash on Delivery
635,181,45,4,2024-09-14,UPI
636,257,18,4,2022-12-06,Credit Card
637,40,66,3,2023-03-10,Credit Card
638,96,21,3,2025-05-17,UPI
639,339,30,4,2023-11-08,UPI
640,247,87,4,2024-09-08,Credit Card
641,303,21,4,2022-02-15,Credit Card
642,23,17,5,2025-04-28,Credit Card
643,69,81,5,2022-03-22,Credit Card
644,29,22,3,2023-01-04,Cash on Delivery
645,307,73,1,2025-09-17,Debit Card
646,485,11,2,2024-07-08,Cash on Delivery
647,445,62,2,2023-03-26,Cash on Delivery
648,308,19,5,2023-01-08,Debit Card
649,86,93,3,2024-07-17,UPI
650,118,49,4,2022-09-28,UPI
651,9,26,5,2024-10-29,Cash on Delivery
652,424,20,5,2022-07-17,Credit Card
653,244,79,5,2022-03-21,UPI
654,48,62,2,2025-05-20,UPI
655,460,100,4,2024-12-05,Cash on Delivery
656,190,6,5,2024-05-28,Credit Card
657,481,62,4,2023-12-19,UPI
658,218,18,3,2024-09-04,Credit Card
659,466,11,3,2025-05-10,Cash on Delivery
660,132,25,1,2022-01-15,UPI
661,267,1,4,2025-09-02,Credit Card
662,353,41,4,2024-01-12,UPI
663,80,55,5,2023-06-04,Debit Card
664,438,69,4,2025-03-02,Debit Card
665,314,36,4,2023-02-22,Cash on Delivery
666,283,72,4,2023-01-02,Debit Card
667,287,72,4,2023-06-04,Debit Card
668,296,45,4,2022-10-10,UPI
669,383,30,4,2022-11-28,UPI
670,110,66,4,2023-11-25,UPI
671,83,50,1,2022-07-06,Credit Card
672,242,77,4,2022-06-30,UPI
673,135,29,3,2022-06-13,UPI
674,371,50,4,2025-06-11,Debit Card
675,365,77,1,2022-12-25,Cash on Delivery
676,225,2,2,2025-09-07,Debit Card
677,100,5,5,2024-11-11,Credit Card
678,315,22,1,2024-01-07,Credit Card
679,336,1,2,2022-06-27,Debit Card
680,400,52,3,2025-10-03,Cash on Delivery
681,208,76,2,2024-11-26,UPI
682,378,91,1,2022-07-04,Debit Card
683,372,72,5,2023-12-14,Debit Card
684,494,36,2,2025-05-26,Credit Card
685,233,52,5,2022-01-10,Debit Card
686,90,53,5,2022-08-07,UPI
687,258,38,3,2022-08-28,Debit Card
688,449,69,5,2023-05-28,Cash on Delivery
689,495,49,5,2024-09-17,Credit Card
690,388,44,4,2025-10-27,Cash on Delivery
691,460,76,1,2024-09-14,UPI
692,133,9,4,2025-07-21,Credit Card
693,347,90,2,2023-10-09,Cash on Delivery
694,490,46,5,2025-01-02,UPI
695,359,34,2,2023-08-12,UPI
696,205,87,3,2022-06-05,Credit Card
697,244,41,3,2023-03-24,Debit Card
698,94,96,2,2024-10-18,Credit Card
699,121,95,2,2023-06-28,Credit Card
700,118,26,2,2025-06-20,Debit Card
701,80,100,1,2022-09-03,UPI
702,347,85,4,2025-06-11,UPI
703,392,70,1,2024-09-14,Debit Card
704,318,41,4,2025-03-22,Debit Card
705,252,24,5,2023-07-28,Cash on Delivery
706,114,97,5,2022-09-20,UPI
707,270,55,4,2025-01-12,UPI
708,258,45,4,2022-12-24,Cash on Delivery
709,500,16,5,2024-07-31,Debit Card
710,353,2,1,2025-10-12,Credit Card
711,195,75,1,2023-10-29,Debit Card
712,314,34,2,2025-01-28,Debit Card
713,122,35,4,2025-06-09,Debit Card
714,188,24,4,2024-05-18,Credit Card
715,215,90,3,2024-01-18,Cash on Delivery
716,144,58,2,2025-03-16,Credit Card
717,295,88,2,2022-07-24,Debit Card
718,412,31,5,2024-06-04,Cash on Delivery
719,101,19,2,2024-08-26,UPI
720,91,54,4,2022-10-03,Debit Card
721,403,63,3,2023-05-29,UPI
722,204,13,2,2022-05-03,Credit Card
723,417,33,4,2025-07-13,UPI
724,231,96,3,2023-06-17,Debit Card
725,185,72,5,2023-06-12,Debit Card
726,11,53,1,2023-12-21,Credit Card
727,296,74,5,2022-12-24,Debit Card
728,182,42,5,2024-09-25,Cash on Delivery
729,456,11,4,2025-06-10,Debit Card
730,238,81,2,2022-12-10,Debit Card
731,216,81,5,2025-03-16,Cash on Delivery
732,435,10,1,2022-11-28,Debit Card
733,117,41,3,2025-08-30,Debit Card
734,364,35,5,2025-08-13,Cash on Delivery
735,139,57,3,2025-04-17,Cash on Delivery
736,212,22,2,2022-02-17,Credit Card
737,373,31,3,2022-06-13,Credit Card
738,86,51,1,2022-07-15,UPI
739,480,61,5,2022-04-21,UPI
740,395,51,5,2022-06-20,UPI
741,135,80,2,2022-06-22,Cash on Delivery
742,159,30,2,2023-08-05,Cash on Delivery
743,321,17,2,2024-12-14,Credit Card
744,15,5,3,2023-10-29,Cash on Delivery
745,240,70,3,2025-01-28,Cash on Delivery
746,70,90,5,2022-12-29,Cash on Delivery
747,324,96,5,2024-06-09,Debit Card
748,466,45,4,2025-01-10,Credit Card
749,413,12,4,2023-09-23,Debit Card
750,212,34,2,2023-09-14,UPI
751,1,67,2,2023-12-06,Debit Card
752,241,69,1,2024-10-04,Cash on Delivery
753,154,2,4,2023-08-23,Credit Card
754,408,1,5,2024-02-05,Credit Card
755,211,72,4,2024-03-19,Credit Card
756,84,92,4,2024-02-14,Credit Card
757,135,11,4,2025-07-04,Credit Card
758,265,98,5,2023-07-11,Debit Card
759,333,96,5,2023-07-05,Cash on Delivery
760,97,9,2,2022-10-07,Debit Card
761,57,82,4,2025-06-19,Cash on Delivery
762,140,90,5,2024-10-04,Credit Card
763,165,3,2,2022-04-12,UPI
764,96,14,3,2023-07-06,Credit Card
765,367,57,1,2023-04-22,UPI
766,78,2,4,2023-03-21,Debit Card
767,216,40,4,2024-01-31,Cash on Delivery
768,357,5,3,2022-06-14,Credit Card
769,29,35,4,2022-05-27,Cash on Delivery
770,93,25,3,2024-02-21,UPI
771,63,99,2,2024-02-28,Cash on Delivery
772,127,95,1,2023-02-12,Cash on Delivery
773,377,99,1,2024-12-03,Credit Card
774,243,50,3,2023-10-24,Credit Card
775,323,94,1,2025-01-30,UPI
776,130,62,3,2023-02-11,Debit Card
777,455,7,2,2022-08-20,Credit Card
778,325,56,3,2022-01-31,Credit Card
779,407,36,5,2022-09-03,Cash on Delivery
780,405,32,1,2022-03-28,Cash on Delivery
781,353,77,2,2024-01-31,UPI
782,128,21,4,2022-07-07,Debit Card
783,477,98,1,2022-05-03,Debit Card
784,331,20,5,2022-08-08,Credit Card
785,250,30,3,2025-02-17,Debit Card
786,413,57,2,2022-02-13,Cash on Delivery
787,184,93,2,2023-05-29,UPI
788,249,91,4,2025-02-18,Debit Card
789,278,90,4,2023-01-24,Credit Card
790,279,45,3,2024-08-17,Debit Card
791,445,77,5,2022-11-25,UPI
792,272,20,4,2023-08-29,Debit Card
793,278,47,4,2022-01-02,Cash on Delivery
794,376,24,1,2025-06-23,Debit Card
795,398,80,2,2023-10-19,UPI
796,338,69,4,2023-01-24,Cash on Delivery
797,393,71,2,2025-06-09,Debit Card
798,166,53,3,2022-08-15,UPI
799,268,85,1,2022-03-31,Credit Card
800,92,5,2,2022-08-08,Cash on Delivery
801,99,13,1,2025-03-15,Cash on Delivery
802,337,63,5,2025-07-01,Debit Card
803,26,47,2,2025-05-25,UPI
804,7,27,4,2022-06-13,Cash on Delivery
805,411,82,1,2024-01-10,Cash on Delivery
806,421,48,1,2025-06-17,Debit Card
807,271,6,1,2023-09-15,UPI
808,484,28,5,2022-07-18,UPI
809,372,30,5,2024-02-29,Credit Card
810,99,68,2,2025-03-13,Credit Card
811,286,96,5,2024-04-30,UPI
812,393,82,5,2024-01-04,Cash on Delivery
813,360,86,4,2022-08-02,Credit Card
814,406,24,5,2024-04-02,Debit Card
815,337,21,5,2025-05-13,Cash on Delivery
816,478,46,3,2025-01-31,Debit Card
817,433,48,4,2025-07-20,Cash on Delivery
818,423,93,3,2025-05-31,Credit Card
819,289,70,2,2024-02-08,Debit Card
820,185,58,4,2024-03-24,UPI
821,372,5,3,2025-05-05,UPI
822,266,18,3,2022-01-14,Debit Card
823,114,28,3,2022-02-14,Debit Card
824,471,71,5,2025-02-13,Credit Card
825,49,5,4,2023-12-30,Credit Card
826,71,34,3,2025-04-07,Credit Card
827,120,33,3,2022-07-08,Cash on Delivery
828,292,28,1,2023-10-27,Cash on Delivery
829,89,63,5,2022-07-15,Debit Card
830,20,94,5,2024-02-21,UPI
831,400,8,3,2023-12-14,Cash on Delivery
832,214,16,2,2025-08-29,UPI
833,325,100,4,2022-04-21,Debit Card
834,269,6,3,2025-01-10,Credit Card
835,168,65,2,2022-11-10,UPI
836,345,94,4,2024-07-01,UPI
837,114,56,3,2024-03-18,Credit Card
838,68,44,1,2024-09-01,UPI
839,281,52,3,2022-06-24,Cash on Delivery
840,257,56,2,2022-10-04,Cash on Delivery
841,287,26,4,2024-03-20,Credit Card
842,288,79,5,2023-05-20,Credit Card
843,37,35,4,2023-10-25,UPI
844,58,86,4,2024-05-17,Debit Card
845,179,25,3,2023-12-07,UPI
846,395,40,2,2023-12-18,Cash on Delivery
847,320,19,4,2022-04-02,Credit Card
848,103,88,3,2022-11-16,UPI
849,58,95,1,2023-05-13,Credit Card
850,445,37,1,2023-12-05,UPI
851,157,58,4,2022-02-16,Debit Card
852,108,95,5,2023-03-10,Credit Card
853,280,67,3,2025-01-28,Cash on Delivery
854,319,94,2,2025-09-30,UPI
855,193,75,5,2022-03-31,Debit Card
856,88,8,3,2023-02-16,Debit Card
857,28,60,1,2022-05-17,Cash on Delivery
858,339,35,3,2022-08-09,UPI
859,150,84,4,2023-04-19,Cash on Delivery
860,261,91,1,2023-10-09,Cash on Delivery
861,444,77,5,2022-06-30,Credit Card
862,102,65,4,2025-02-22,UPI
863,21,32,5,2023-09-17,Debit Card
864,251,51,2,2022-02-07,Debit Card
865,351,46,3,2025-07-04,Debit Card
866,121,65,3,2022-05-07,Debit Card
867,450,50,1,2025-02-10,Debit Card
868,116,20,3,2024-03-15,Credit Card
869,45,94,4,2024-12-02,Credit Card
870,214,31,5,2022-11-09,Cash on Delivery
871,497,40,5,2023-11-06,Cash on Delivery
872,278,17,2,2025-08-29,Credit Card
873,298,70,2,2022-10-10,Debit Card
874,353,91,5,2022-10-04,Cash on Delivery
875,466,99,2,2025-09-05,Credit Card
876,163,9,5,2024-12-27,UPI
877,95,41,2,2022-03-02,Debit Card
878,451,53,4,2023-09-14,Cash on Delivery
879,382,82,3,2022-11-08,Credit Card
880,55,17,2,2022-02-23,Debit Card
881,311,73,5,2023-04-18,Credit Card
882,119,88,1,2024-01-06,UPI
883,353,100,4,2022-10-02,Cash on Delivery
884,365,84,3,2023-01-12,Cash on Delivery
885,252,61,2,2022-12-02,Credit Card
886,116,5,4,2022-01-31,Debit Card
887,487,53,2,2025-10-06,Credit Card
888,388,27,1,2022-12-29,Cash on Delivery
889,444,79,4,2023-10-28,Cash on Delivery
890,455,32,4,2024-04-09,UPI
891,312,95,4,2023-10-03,Cash on Delivery
892,314,96,5,2025-05-01,UPI
893,267,14,4,2024-07-24,UPI
894,450,32,5,2025-01-06,Cash on Delivery
895,377,6,5,2024-03-04,UPI
896,98,38,4,2024-03-26,Debit Card
897,397,37,4,2022-12-07,Cash on Delivery
898,151,79,1,2024-11-24,Credit Card
899,238,83,4,2022-07-05,UPI
900,93,100,5,2025-01-24,Credit Card
901,202,53,3,2024-07-12,UPI
902,92,59,5,2023-02-18,Cash on Delivery
903,47,33,3,2025-08-21,Credit Card
904,368,94,1,2022-07-06,UPI
905,362,58,3,2022-06-24,Cash on Delivery
906,373,66,5,2022-11-24,Cash on Delivery
907,282,49,1,2022-12-16,Debit Card
908,290,85,2,2022-11-29,Credit Card
909,92,99,1,2024-05-09,Debit Card
910,159,94,4,2023-08-15,Credit Card
911,61,17,2,2022-01-08,Debit Card
912,7,59,4,2024-10-18,UPI
913,312,64,2,2023-03-21,Cash on Delivery
914,233,53,4,2022-06-12,UPI
915,126,71,3,2025-06-23,Credit Card
916,26,24,2,2022-04-23,Debit Card
917,19,19,1,2025-09-28,Debit Card
918,170,12,1,2022-08-12,Cash on Delivery
919,92,21,3,2025-06-05,Credit Card
920,495,59,5,2024-01-08,UPI
921,48,99,3,2023-10-24,Debit Card
922,460,49,1,2024-05-25,UPI
923,150,61,2,2022-09-07,Debit Card
924,169,68,4,2024-12-10,Credit Card
925,357,27,5,2022-04-30,UPI
926,293,94,5,2022-06-29,Cash on Delivery
927,371,89,5,2023-08-12,Cash on Delivery
928,312,41,3,2024-12-12,Debit Card
929,475,17,5,2025-02-26,Cash on Delivery
930,267,94,4,2024-10-05,Credit Card
931,453,79,2,2023-08-18,Credit Card
932,1,16,1,2024-08-10,UPI
933,378,27,5,2024-04-29,Cash on Delivery
934,24,43,3,2025-02-21,Credit Card
935,6,82,2,2023-07-31,Debit Card
936,405,9,3,2023-09-07,Debit Card
937,393,1,1,2023-11-14,Debit Card
938,203,93,5,2025-06-15,UPI
939,427,23,2,2023-11-08,Debit Card
940,473,87,4,2024-08-29,UPI
941,331,18,4,2022-11-15,Cash on Delivery
942,457,69,3,2024-08-05,Cash on Delivery
943,476,96,1,2024-12-03,Debit Card
944,290,93,3,2025-02-11,UPI
945,107,74,3,2023-12-26,UPI
946,497,20,3,2022-03-05,Debit Card
947,193,81,5,2022-12-06,Cash on Delivery
948,96,77,1,2023-09-24,Debit Card
949,364,5,3,2024-04-27,UPI
950,255,31,3,2024-07-14,Debit Card
951,111,68,3,2022-12-25,UPI
952,192,5,2,2022-07-09,Cash on Delivery
953,260,4,4,2024-10-21,Credit Card
954,98,44,4,2024-12-08,Debit Card
955,398,42,2,2022-07-21,Credit Card
956,106,93,1,2024-07-29,Cash on Delivery
957,366,67,1,2022-01-09,Debit Card
958,478,6,5,2022-06-28,Debit Card
959,240,6,1,2024-12-02,Debit Card
960,12,74,3,2025-08-01,Credit Card
961,165,26,2,2023-08-10,Debit Card
962,273,41,4,2025-10-06,UPI
963,140,20,2,2023-07-15,UPI
964,8,80,5,2024-11-18,UPI
965,106,70,3,2025-01-30,Debit Card
966,139,19,3,2025-03-21,Credit Card
967,88,10,3,2025-06-09,Debit Card
968,277,57,1,2022-09-24,UPI
969,242,87,1,2022-08-05,Cash on Delivery
970,28,12,4,2024-03-13,Credit Card
971,361,77,5,2025-07-13,Cash on Delivery
972,316,46,3,2023-11-12,Credit Card
973,366,98,5,2022-06-10,Cash on Delivery
974,291,17,1,2024-08-17,UPI
975,234,40,4,2024-08-21,Credit Card
976,486,29,2,2025-06-17,Debit Card
977,468,47,4,2023-01-11,Debit Card
978,404,42,4,2024-09-25,UPI
979,34,61,1,2023-12-21,Cash on Delivery
980,237,22,3,2023-12-15,Credit Card
981,261,14,4,2022-08-08,Debit Card
982,285,84,1,2023-09-11,Cash on Delivery
983,206,76,4,2023-05-04,Credit Card
984,281,21,4,2024-02-26,UPI
985,175,27,5,2024-06-01,Cash on Delivery
986,291,44,5,2023-04-29,Credit Card
987,340,86,1,2025-03-21,Cash on Delivery
988,59,76,5,2024-08-06,Debit Card
989,285,13,4,2022-12-27,Debit Card
990,490,52,1,2025-05-10,UPI
991,351,77,4,2023-11-02,Cash on Delivery
992,331,85,1,2022-07-05,Credit Card
993,419,18,5,2025-07-26,UPI
994,388,19,2,2024-07-16,Debit Card
995,200,79,5,2024-07-04,Credit Card
996,106,88,3,2023-09-06,Debit Card
997,471,56,3,2022-07-02,UPI
998,314,66,4,2022-09-19,Debit Card
999,32,48,5,2022-04-19,UPI
1000,361,72,3,2022-08-13,Debit Card
1001,444,4,2,2024-06-03,Cash on Delivery
1002,321,41,4,2024-04-11,Cash on Delivery
1003,223,70,2,2025-09-18,Credit Card
1004,244,18,2,2025-02-11,Cash on Delivery
1005,432,47,4,2022-11-12,Debit Card
1006,447,86,2,2022-10-03,UPI
1007,37,83,1,2022-10-22,Cash on Delivery
1008,337,56,2,2022-06-23,Credit Card
1009,329,54,4,2025-05-22,Cash on Delivery
1010,320,24,4,2024-11-09,Cash on Delivery
1011,283,58,4,2023-12-29,Credit Card
1012,96,55,5,2022-01-16,Cash on Delivery
1013,434,94,2,2024-10-24,Debit Card
1014,211,70,5,2024-01-22,UPI
1015,20,73,4,2024-01-25,UPI
1016,298,62,1,2022-10-18,Debit Card
1017,239,67,1,2024-12-07,UPI
1018,126,61,1,2025-11-01,Debit Card
1019,314,7,3,2024-12-31,UPI
1020,241,59,5,2024-08-18,Debit Card
1021,216,46,3,2023-08-16,Credit Card
1022,19,89,5,2023-09-15,Debit Card
1023,32,81,4,2025-03-30,Credit Card
1024,294,7,3,2025-07-02,UPI
1025,147,63,1,2022-09-17,UPI
1026,436,36,3,2022-09-29,Debit Card
1027,141,33,1,2022-08-17,Credit Card
1028,466,76,2,2025-09-11,Cash on Delivery
1029,190,23,3,2023-04-29,Cash on Delivery
1030,93,68,1,2023-12-04,UPI
1031,496,19,5,2022-11-12,Cash on Delivery
1032,386,53,4,2023-05-03,Cash on Delivery
1033,372,82,2,2023-03-08,Debit Card
1034,28,83,3,2022-08-26,UPI
1035,86,60,4,2024-09-02,Debit Card
1036,244,96,5,2023-04-24,Cash on Delivery
1037,350,91,4,2024-08-29,Debit Card
1038,75,68,4,2022-01-25,Debit Card
1039,475,58,4,2025-10-21,Debit Card
1040,493,68,1,2022-07-19,Debit Card
1041,490,56,5,2025-08-28,Debit Card
1042,172,35,3,2022-07-21,Debit Card
1043,336,75,4,2024-08-02,Credit Card
1044,376,87,5,2023-02-04,Debit Card
1045,347,89,2,2023-10-04,UPI
1046,345,2,1,2022-01-25,Cash on Delivery
1047,51,68,1,2024-07-02,Debit Card
1048,113,93,3,2023-05-31,Credit Card
1049,18,4,5,2022-07-08,UPI
1050,481,77,2,2025-05-12,UPI
1051,363,16,1,2025-05-23,Credit Card
1052,193,85,5,2023-01-14,UPI
1053,357,24,3,2023-08-27,Cash on Delivery
1054,339,10,4,2023-07-21,Cash on Delivery
1055,355,86,3,2023-06-12,Credit Card
1056,400,10,3,2022-05-08,Cash on Delivery
1057,199,43,1,2023-06-13,Debit Card
1058,92,57,1,2024-10-04,Credit Card
1059,313,51,2,2025-08-14,Cash on Delivery
1060,56,19,5,2024-06-02,Credit Card
1061,315,83,1,2024-06-23,Debit Card
1062,53,5,1,2022-05-25,Debit Card
1063,398,58,1,2024-10-16,Credit Card
1064,335,82,1,2022-03-19,Cash on Delivery
1065,137,20,3,2024-03-12,UPI
1066,264,91,4,2024-09-06,Cash on Delivery
1067,207,94,1,2025-01-11,Credit Card
1068,2,50,4,2022-09-06,Debit Card
1069,171,88,3,2024-03-31,UPI
1070,324,83,1,2024-01-19,Debit Card
1071,42,59,3,2025-08-19,Credit Card
1072,91,71,1,2024-02-26,Credit Card
1073,154,90,4,2022-08-07,Debit Card
1074,250,11,4,2023-01-24,Credit Card
1075,19,25,1,2025-04-29,Credit Card
1076,251,50,1,2025-01-12,Debit Card
1077,256,69,4,2022-02-03,UPI
1078,174,8,3,2022-03-29,Cash on Delivery
1079,61,28,5,2024-07-27,Credit Card
1080,380,75,2,2022-05-28,UPI
1081,377,19,4,2025-09-01,UPI
1082,242,80,1,2023-05-13,Credit Card
1083,8,23,1,2023-09-22,UPI
1084,234,79,2,2025-04-25,UPI
1085,419,14,1,2024-10-15,Credit Card
1086,33,26,4,2023-11-22,Cash on Delivery
1087,167,16,5,2025-01-22,Credit Card
1088,165,28,1,2025-04-29,Credit Card
1089,172,9,1,2023-07-15,Credit Card
1090,388,54,2,2024-01-28,Credit Card
1091,225,32,5,2022-03-25,Credit Card
1092,52,81,5,2024-02-10,Credit Card
1093,9,63,1,2022-01-14,UPI
1094,92,12,5,2023-08-05,Cash on Delivery
1095,356,99,4,2022-09-17,Credit Card
1096,74,82,3,2024-12-07,Cash on Delivery
1097,211,31,2,2025-06-04,UPI
1098,306,24,4,2025-06-07,UPI
1099,322,39,3,2024-05-07,UPI
1100,286,31,2,2022-08-29,UPI
1101,317,47,5,2024-11-05,Credit Card
1102,238,99,2,2023-07-21,UPI
1103,100,15,2,2024-08-29,Cash on Delivery
1104,91,21,1,2022-04-21,Debit Card
1105,146,27,4,2023-05-30,Debit Card
1106,316,98,4,2022-03-30,UPI
1107,380,7,5,2022-12-27,Credit Card
1108,403,4,4,2024-11-20,UPI
1109,37,31,4,2025-04-28,Debit Card
1110,215,26,3,2023-04-17,UPI
1111,167,30,1,2023-05-01,Cash on Delivery
1112,446,26,4,2023-03-28,UPI
1113,242,75,4,2022-04-22,Cash on Delivery
1114,75,28,5,2024-07-20,Credit Card
1115,199,48,2,2024-07-26,Credit Card
1116,324,46,3,2023-02-19,Debit Card
1117,66,5,5,2022-05-03,Debit Card
1118,70,15,4,2024-07-28,Cash on Delivery
1119,88,98,3,2023-03-27,Debit Card
1120,310,21,5,2022-12-15,Credit Card
1121,45,53,5,2024-09-28,Credit Card
1122,303,61,4,2023-07-26,UPI
1123,374,55,2,2023-05-23,Debit Card
1124,223,75,2,2025-04-26,Credit Card
1125,468,74,1,2024-05-05,UPI
1126,21,61,5,2022-03-10,Cash on Delivery
1127,272,51,4,2022-07-20,Cash on Delivery
1128,254,31,1,2025-02-17,UPI
1129,355,94,4,2023-03-23,Credit Card
1130,184,38,2,2025-08-19,UPI
1131,9,62,3,2022-11-28,Cash on Delivery
1132,440,74,5,2022-02-19,Cash on Delivery
1133,238,99,2,2024-04-10,Credit Card
1134,405,48,4,2025-07-21,UPI
1135,441,81,1,2024-02-28,Debit Card
1136,272,5,3,2024-05-22,Debit Card
1137,358,79,5,2025-03-24,Credit Card
1138,404,88,1,2025-06-24,Debit Card
1139,377,8,5,2025-10-13,Debit Card
1140,455,7,1,2024-02-24,Debit Card
1141,239,80,1,2024-01-19,Debit Card
1142,90,83,5,2022-05-18,Credit Card
1143,71,43,2,2025-01-10,UPI
1144,333,62,5,2023-03-06,Credit Card
1145,165,46,3,2024-10-28,Cash on Delivery
1146,142,7,1,2024-02-03,Debit Card
1147,232,63,5,2024-12-14,UPI
1148,241,91,5,2025-10-21,Debit Card
1149,232,80,3,2025-10-10,UPI
1150,97,59,1,2022-06-14,Cash on Delivery
1151,460,23,3,2022-06-07,UPI
1152,85,36,1,2022-10-31,Cash on Delivery
1153,78,27,5,2025-07-08,UPI
1154,151,54,5,2022-09-28,Cash on Delivery
1155,178,54,4,2025-08-13,UPI
1156,150,25,1,2022-02-15,Credit Card
1157,428,67,3,2024-04-23,Debit Card
1158,336,83,3,2024-09-22,Cash on Delivery
1159,235,39,5,2022-09-28,Debit Card
1160,88,34,2,2024-09-18,Debit Card
1161,498,37,1,2022-10-31,Debit Card
1162,146,59,2,2025-06-20,Credit Card
1163,365,69,3,2023-01-09,Credit Card
1164,430,91,2,2022-11-27,Credit Card
1165,60,6,3,2025-03-22,Credit Card
1166,226,34,3,2023-01-13,Credit Card
1167,288,91,1,2025-09-25,Debit Card
1168,177,19,3,2024-07-07,Credit Card
1169,274,39,1,2022-02-21,Cash on Delivery
1170,477,64,2,2024-07-27,Debit Card
1171,80,1,5,2024-11-05,Debit Card
1172,332,91,3,2024-08-28,Debit Card
1173,497,97,5,2025-09-27,Credit Card
1174,410,73,4,2023-11-25,UPI
1175,375,62,1,2022-10-13,UPI
1176,158,4,4,2025-06-18,Credit Card
1177,229,46,1,2023-10-31,UPI
1178,312,83,2,2025-04-09,Credit Card
1179,401,99,3,2023-02-05,UPI
1180,43,69,4,2025-10-18,UPI
1181,500,66,4,2023-02-03,Cash on Delivery
1182,163,78,5,2024-11-13,UPI
1183,466,86,3,2024-03-25,Credit Card
1184,367,55,3,2024-03-01,Debit Card
1185,7,37,3,2023-12-21,Debit Card
1186,229,72,1,2023-03-18,Cash on Delivery
1187,380,54,4,2023-08-15,Credit Card
1188,413,94,4,2024-04-28,Credit Card
1189,428,76,5,2022-06-26,Credit Card
1190,107,39,4,2024-12-11,Debit Card
1191,34,76,4,2022-07-01,UPI
1192,210,82,3,2024-04-28,Credit Card
1193,285,60,5,2022-10-08,Credit Card
1194,96,49,3,2025-02-08,Cash on Delivery
1195,22,39,5,2023-09-15,Cash on Delivery
1196,287,95,4,2023-04-05,UPI
1197,406,1,2,2023-06-22,Debit Card
1198,490,82,4,2022-09-12,Debit Card
1199,214,23,4,2025-08-13,Credit Card
1200,15,16,3,2024-10-06,UPI
1201,307,96,3,2025-04-05,Cash on Delivery
1202,290,56,3,2025-07-10,Cash on Delivery
1203,499,89,1,2024-02-04,UPI
1204,433,34,2,2025-04-06,UPI
1205,75,41,4,2022-10-05,Debit Card
1206,84,7,3,2024-01-10,Cash on Delivery
1207,326,46,1,2023-08-17,Debit Card
1208,272,82,1,2024-11-18,Credit Card
1209,393,81,2,2022-07-13,Credit Card
1210,279,42,3,2023-09-09,Debit Card
1211,351,90,3,2022-07-16,Debit Card
1212,422,19,1,2022-10-08,Debit Card
1213,191,100,4,2024-04-23,Debit Card
1214,472,21,1,2023-03-23,Credit Card
1215,258,29,2,2025-02-18,UPI
1216,214,59,1,2022-08-27,Credit Card
1217,473,3,4,2023-12-15,Debit Card
1218,354,47,2,2024-06-24,Debit Card
1219,89,91,3,2022-02-28,UPI
1220,114,17,2,2023-04-10,Debit Card
1221,65,27,2,2022-06-10,Cash on Delivery
1222,354,98,1,2022-06-09,UPI
1223,397,62,4,2022-03-29,Credit Card
1224,56,5,5,2025-04-29,UPI
1225,241,16,3,2022-03-30,UPI
1226,155,86,1,2022-07-17,UPI
1227,472,78,2,2025-04-18,Credit Card
1228,95,86,3,2022-03-01,UPI
1229,75,96,3,2025-04-02,Debit Card
1230,181,21,5,2025-06-09,Credit Card
1231,259,73,1,2022-07-22,UPI
1232,271,28,2,2023-08-01,Credit Card
1233,462,97,5,2022-01-09,UPI
1234,474,28,5,2024-08-30,Debit Card
1235,358,76,2,2024-06-19,UPI
1236,93,46,4,2024-05-18,Credit Card
1237,264,30,4,2022-08-20,Debit Card
1238,64,60,1,2024-11-30,Credit Card
1239,254,98,3,2023-08-14,UPI
1240,43,42,4,2022-08-25,Cash on Delivery
1241,146,59,5,2023-10-01,Cash on Delivery
1242,116,71,4,2023-08-19,Cash on Delivery
1243,97,9,4,2025-10-22,Debit Card
1244,92,2,4,2025-10-08,UPI
1245,203,57,5,2025-09-10,UPI
1246,62,19,4,2024-03-31,UPI
1247,380,22,1,2024-01-15,Credit Card
1248,174,26,5,2024-04-07,UPI
1249,120,55,4,2023-07-25,Debit Card
1250,388,83,4,2023-12-31,Cash on Delivery
1251,342,78,4,2024-09-19,Debit Card
1252,76,99,4,2022-08-10,UPI
1253,129,63,4,2023-04-18,Credit Card
1254,16,13,1,2022-05-20,Cash on Delivery
1255,348,4,2,2024-02-23,Debit Card
1256,79,39,5,2025-06-30,UPI
1257,390,10,5,2024-10-05,Cash on Delivery
1258,104,38,4,2024-10-01,Debit Card
1259,278,44,5,2025-01-24,UPI
1260,488,98,1,2024-05-31,UPI
1261,197,58,3,2024-02-10,Cash on Delivery
1262,236,5,1,2022-12-29,Debit Card
1263,453,91,2,2024-10-03,Cash on Delivery
1264,69,40,4,2024-09-25,UPI
1265,292,87,4,2025-09-13,Cash on Delivery
1266,244,72,2,2024-11-03,UPI
1267,201,34,4,2025-04-25,Cash on Delivery
1268,316,87,3,2023-08-06,Debit Card
1269,32,4,5,2022-04-03,Credit Card
1270,429,47,3,2025-04-10,UPI
1271,392,81,3,2024-02-19,UPI
1272,220,45,3,2024-04-23,Debit Card
1273,29,85,2,2023-05-23,Credit Card
1274,332,40,5,2022-06-23,UPI
1275,445,40,1,2023-11-23,Credit Card
1276,11,69,3,2022-03-18,Cash on Delivery
1277,337,55,5,2024-11-20,Cash on Delivery
1278,137,3,4,2025-04-19,UPI
1279,163,49,5,2024-03-10,Debit Card
1280,294,13,4,2022-07-24,Credit Card
1281,173,64,5,2025-09-28,Debit Card
1282,86,79,3,2024-01-15,Cash on Delivery
1283,104,64,1,2025-01-02,Credit Card
1284,148,34,1,2023-09-01,Cash on Delivery
1285,412,29,5,2022-07-08,UPI
1286,304,44,3,2022-05-18,Cash on Delivery
1287,219,27,3,2022-06-07,Debit Card
1288,259,39,4,2025-09-20,Debit Card
1289,103,54,4,2023-05-30,Cash on Delivery
1290,344,98,5,2023-01-05,UPI
1291,322,91,5,2023-01-18,Cash on Delivery
1292,110,85,4,2023-07-03,Cash on Delivery
1293,479,73,1,2024-12-05,Credit Card
1294,187,60,2,2023-05-08,Credit Card
1295,383,88,3,2024-06-10,Cash on Delivery
1296,164,9,2,2024-04-24,Debit Card
1297,422,37,2,2023-06-10,Credit Card
1298,208,31,1,2022-11-04,Credit Card
1299,15,32,3,2024-08-08,Cash on Delivery
1300,287,56,4,2025-08-17,UPI
1301,104,21,3,2022-10-07,UPI
1302,133,36,5,2022-12-27,UPI
1303,494,93,4,2022-02-10,UPI
1304,441,11,3,2025-05-17,Debit Card
1305,444,9,4,2024-01-15,UPI
1306,204,93,2,2023-04-29,UPI
1307,293,95,5,2022-09-05,Debit Card
1308,255,12,2,2025-05-13,UPI
1309,396,41,3,2025-04-11,Cash on Delivery
1310,413,96,2,2024-05-16,Credit Card
1311,74,14,2,2023-03-15,Debit Card
1312,226,53,3,2025-04-22,UPI
1313,252,69,3,2022-08-20,Debit Card
1314,280,55,4,2025-10-30,Credit Card
1315,494,36,2,2024-01-14,Cash on Delivery
1316,367,48,3,2022-02-13,UPI
1317,431,95,1,2025-10-07,Credit Card
1318,130,71,4,2023-09-26,Debit Card
1319,463,88,1,2024-12-31,Credit Card
1320,440,57,4,2022-01-17,Cash on Delivery
1321,475,33,3,2022-07-04,Credit Card
1322,153,27,2,2024-06-17,Debit Card
1323,451,99,4,2022-03-11,Debit Card
1324,444,11,4,2024-08-22,Cash on Delivery
1325,475,43,4,2022-07-25,Credit Card
1326,358,34,5,2022-05-16,Debit Card
1327,216,78,5,2023-11-01,Cash on Delivery
1328,356,4,1,2025-08-06,Credit Card
1329,323,57,2,2022-01-07,Cash on Delivery
1330,103,81,3,2023-10-05,UPI
1331,57,21,2,2024-11-23,Credit Card
1332,434,77,4,2023-10-17,Cash on Delivery
1333,245,95,2,2023-06-18,Credit Card
1334,352,76,3,2023-08-01,Credit Card
1335,44,54,3,2023-01-08,Cash on Delivery
1336,449,49,5,2023-04-05,UPI
1337,486,3,5,2025-08-18,Credit Card
1338,465,12,4,2023-02-11,Debit Card
1339,360,22,1,2024-04-01,Cash on Delivery
1340,308,34,2,2022-07-02,Debit Card
1341,88,73,1,2022-01-29,Cash on Delivery
1342,396,59,4,2022-08-31,Credit Card
1343,366,27,2,2023-06-30,Debit Card
1344,383,64,4,2022-09-24,Cash on Delivery
1345,439,27,5,2023-03-18,Debit Card
1346,373,87,2,2024-05-06,Credit Card
1347,210,19,1,2023-08-18,Debit Card
1348,121,80,4,2023-05-24,Debit Card
1349,299,88,4,2022-06-25,UPI
1350,241,18,3,2024-03-25,Credit Card
1351,366,50,4,2025-05-08,Debit Card
1352,38,13,5,2022-05-01,UPI
1353,171,31,4,2023-12-27,UPI
1354,3,33,5,2025-06-23,Cash on Delivery
1355,155,51,3,2022-09-28,UPI
1356,298,23,3,2022-12-14,Cash on Delivery
1357,477,44,4,2022-09-28,UPI
1358,163,91,5,2024-06-05,Credit Card
1359,134,15,3,2022-04-01,Credit Card
1360,256,36,3,2024-05-30,Debit Card
1361,463,34,5,2023-06-25,Debit Card
1362,224,22,3,2024-10-03,Credit Card
1363,285,85,4,2022-04-19,Credit Card
1364,77,7,2,2023-01-11,UPI
1365,241,34,2,2024-08-14,Cash on Delivery
1366,60,64,1,2024-06-23,Debit Card
1367,364,72,4,2024-07-26,Cash on Delivery
1368,58,93,2,2022-09-11,Debit Card
1369,48,27,3,2023-01-05,Credit Card
1370,384,66,3,2025-02-27,Credit Card
1371,299,1,5,2025-03-14,Credit Card
1372,214,10,2,2024-10-17,UPI
1373,455,43,1,2023-08-06,UPI
1374,202,48,5,2022-08-06,Debit Card
1375,79,4,1,2024-07-31,Cash on Delivery
1376,233,81,3,2025-05-01,UPI
1377,169,6,5,2024-07-16,Debit Card
1378,486,94,5,2022-09-22,Credit Card
1379,442,7,3,2023-10-24,UPI
1380,381,10,5,2025-05-18,Cash on Delivery
1381,48,52,3,2022-12-31,Credit Card
1382,495,99,4,2022-07-02,UPI
1383,437,27,2,2024-03-06,Cash on Delivery
1384,146,83,2,2022-09-04,Debit Card
1385,252,56,3,2025-05-20,Credit Card
1386,184,86,1,2024-01-23,Credit Card
1387,251,58,4,2024-09-02,Debit Card
1388,289,77,4,2022-07-04,Cash on Delivery
1389,416,48,5,2023-01-17,Cash on Delivery
1390,323,55,1,2022-03-24,Debit Card
1391,499,60,2,2025-08-19,Credit Card
1392,477,64,5,2025-07-13,UPI
1393,149,60,4,2022-06-12,Cash on Delivery
1394,154,20,2,2023-09-08,Credit Card
1395,268,55,3,2025-03-10,UPI
1396,283,10,1,2024-11-17,UPI
1397,262,55,4,2022-07-13,Cash on Delivery
1398,339,93,5,2023-06-03,Debit Card
1399,131,75,1,2024-10-28,UPI
1400,59,95,4,2023-01-03,Credit Card
1401,432,51,1,2022-06-20,Cash on Delivery
1402,449,91,3,2023-10-05,Cash on Delivery
1403,388,86,4,2025-07-01,Debit Card
1404,175,24,2,2023-01-15,UPI
1405,383,78,3,2025-10-11,UPI
1406,223,69,1,2022-01-12,Cash on Delivery
1407,60,2,2,2025-09-05,Cash on Delivery
1408,236,89,4,2025-09-09,Cash on Delivery
1409,156,80,5,2024-01-09,Cash on Delivery
1410,412,39,1,2022-09-14,Credit Card
1411,8,25,1,2022-02-02,Credit Card
1412,440,4,2,2024-09-12,Credit Card
1413,333,31,4,2025-07-06,Credit Card
1414,45,39,4,2022-10-31,Cash on Delivery
1415,217,3,1,2022-12-07,Credit Card
1416,379,90,4,2024-09-20,Cash on Delivery
1417,11,58,5,2023-05-12,Credit Card
1418,151,73,4,2022-04-15,Debit Card
1419,5,14,4,2024-05-01,Cash on Delivery
1420,378,75,5,2025-02-09,Debit Card
1421,19,63,4,2024-09-22,Cash on Delivery
1422,119,92,1,2024-12-17,UPI
1423,217,74,3,2025-02-07,UPI
1424,138,83,4,2024-08-27,UPI
1425,254,80,3,2024-07-07,Cash on Delivery
1426,11,21,3,2023-01-29,Cash on Delivery
1427,177,57,2,2024-11-05,Credit Card
1428,301,88,3,2025-05-18,Cash on Delivery
1429,68,38,4,2024-05-03,Debit Card
1430,408,61,2,2025-06-27,Credit Card
1431,145,89,1,2025-09-28,Cash on Delivery
1432,67,23,2,2022-11-17,Cash on Delivery
1433,52,54,4,2023-09-14,Credit Card
1434,108,72,1,2022-02-07,Debit Card
1435,452,34,3,2025-10-18,Credit Card
1436,90,65,1,2022-05-11,Debit Card
1437,221,15,5,2023-04-10,UPI
1438,288,29,4,2023-06-13,Debit Card
1439,402,46,1,2025-02-14,Debit Card
1440,459,20,5,2025-05-22,UPI
1441,362,7,4,2024-07-25,UPI
1442,500,14,5,2025-06-02,UPI
1443,422,72,1,2024-11-04,UPI
1444,86,81,1,2023-02-25,Debit Card
1445,81,94,3,2024-06-23,Cash on Delivery
1446,376,13,2,2025-08-18,Debit Card
1447,172,18,1,2023-02-18,Cash on Delivery
1448,497,54,1,2023-05-18,Cash on Delivery
1449,175,37,5,2022-12-17,UPI
1450,137,48,4,2024-01-09,Credit Card
1451,78,97,5,2024-05-13,Credit Card
1452,71,55,4,2024-04-18,Cash on Delivery
1453,488,67,3,2022-03-02,Cash on Delivery
1454,75,99,1,2024-11-25,UPI
1455,44,44,3,2024-04-02,Credit Card
1456,223,8,4,2022-03-17,Credit Card
1457,463,74,1,2025-07-17,Debit Card
1458,215,52,5,2023-09-16,Debit Card
1459,466,45,1,2023-07-27,Credit Card
1460,359,52,4,2025-08-11,Credit Card
1461,455,70,5,2025-06-20,Cash on Delivery
1462,358,45,4,2023-02-09,Debit Card
1463,44,5,5,2023-11-17,Cash on Delivery
1464,372,93,2,2024-12-01,Debit Card
1465,110,12,5,2025-02-04,Debit Card
1466,267,44,2,2022-02-17,UPI
1467,456,70,5,2023-06-14,Credit Card
1468,427,100,3,2024-05-15,UPI
1469,375,8,3,2023-06-16,Debit Card
1470,64,7,1,2024-07-08,Debit Card
1471,294,95,1,2024-07-17,Debit Card
1472,121,96,5,2025-03-04,Credit Card
1473,180,39,3,2025-09-27,Credit Card
1474,366,49,5,2023-05-23,UPI
1475,168,67,5,2023-01-30,Debit Card
1476,233,13,2,2024-05-21,Cash on Delivery
1477,42,12,1,2024-05-20,Credit Card
1478,244,28,4,2022-06-09,Debit Card
1479,347,68,4,2025-04-19,Cash on Delivery
1480,447,34,5,2024-10-18,Cash on Delivery
1481,226,89,4,2024-05-03,Credit Card
1482,74,65,2,2024-09-19,Cash on Delivery
1483,67,91,5,2024-12-19,UPI
1484,356,28,4,2024-08-27,UPI
1485,383,21,5,2024-01-27,UPI
1486,309,53,1,2022-09-05,Debit Card
1487,293,38,1,2024-12-06,Credit Card
1488,61,48,3,2024-02-06,Debit Card
1489,151,63,1,2022-10-20,Credit Card
1490,402,76,4,2022-04-10,Debit Card
1491,456,37,2,2023-01-10,Cash on Delivery
1492,2,16,5,2023-12-16,UPI
1493,446,6,4,2024-09-12,Debit Card
1494,290,58,3,2024-02-12,Cash on Delivery
1495,428,93,5,2022-09-29,Credit Card
1496,259,82,4,2024-07-10,Cash on Delivery
1497,77,94,3,2022-07-02,Cash on Delivery
1498,199,30,4,2023-11-26,UPI
1499,491,86,4,2023-07-23,UPI
1500,444,22,1,2025-03-17,Debit Card
1501,288,83,1,2025-08-11,UPI
1502,99,80,5,2025-03-27,UPI
1503,491,73,5,2023-01-23,Cash on Delivery
1504,258,3,1,2025-09-10,Credit Card
1505,493,3,3,2023-02-26,Credit Card
1506,425,91,5,2024-06-28,UPI
1507,414,69,5,2023-10-19,Cash on Delivery
1508,302,6,4,2022-02-17,Debit Card
1509,224,24,4,2022-02-19,Debit Card
1510,196,33,1,2022-08-23,UPI
1511,278,22,3,2022-10-22,Credit Card
1512,131,99,1,2022-11-12,Debit Card
1513,488,53,2,2022-05-01,Debit Card
1514,93,4,1,2023-09-03,Cash on Delivery
1515,51,41,2,2024-04-25,Debit Card
1516,133,49,1,2022-04-17,Credit Card
1517,123,97,5,2025-04-15,Credit Card
1518,253,66,5,2024-02-28,UPI
1519,138,8,3,2024-08-09,Cash on Delivery
1520,34,62,1,2024-04-14,Credit Card
1521,468,3,3,2025-02-08,UPI
1522,127,98,5,2025-08-27,Credit Card
1523,156,73,4,2024-07-02,UPI
1524,434,82,5,2023-02-21,Credit Card
1525,192,70,2,2023-05-18,Cash on Delivery
1526,493,72,4,2022-03-27,UPI
1527,417,60,5,2023-08-16,Credit Card
1528,1,8,4,2023-07-14,Debit Card
1529,430,88,4,2023-12-21,Credit Card
1530,300,66,3,2022-04-04,Credit Card
1531,379,69,5,2022-05-24,Debit Card
1532,46,51,1,2022-10-14,Debit Card
1533,450,56,2,2025-06-04,Debit Card
1534,453,88,3,2025-07-24,Debit Card
1535,386,91,4,2023-07-14,Credit Card
1536,340,42,3,2023-03-08,Cash on Delivery
1537,492,77,3,2022-02-02,Credit Card
1538,331,1,5,2024-09-02,UPI
1539,462,2,2,2024-04-26,Cash on Delivery
1540,391,51,5,2022-06-16,UPI
1541,276,4,4,2025-10-08,UPI
1542,181,49,5,2024-01-04,Cash on Delivery
1543,91,99,1,2022-09-13,Cash on Delivery
1544,190,25,4,2022-01-20,Credit Card
1545,381,3,3,2025-10-25,Debit Card
1546,99,12,5,2025-07-04,Debit Card
1547,414,92,2,2023-04-25,Cash on Delivery
1548,496,47,1,2023-07-29,Cash on Delivery
1549,464,91,5,2023-03-05,UPI
1550,101,82,4,2022-08-16,Debit Card
1551,292,65,4,2022-12-16,Credit Card
1552,338,95,5,2025-10-08,Credit Card
1553,34,76,2,2022-05-14,Credit Card
1554,133,73,2,2024-12-07,Debit Card
1555,99,87,1,2025-10-20,Debit Card
1556,349,72,4,2022-01-05,Cash on Delivery
1557,329,87,1,2023-10-24,Cash on Delivery
1558,433,53,3,2022-09-07,Cash on Delivery
1559,254,47,5,2022-03-31,Credit Card
1560,25,36,4,2024-12-26,Cash on Delivery
1561,162,1,4,2023-02-03,Debit Card
1562,42,74,1,2023-04-08,Cash on Delivery
1563,491,10,2,2023-02-08,Credit Card
1564,169,40,1,2025-07-06,UPI
1565,15,62,4,2022-02-19,Debit Card
1566,431,33,2,2022-08-09,Cash on Delivery
1567,123,44,1,2023-11-15,Credit Card
1568,484,10,5,2025-06-22,Cash on Delivery
1569,392,13,4,2025-03-31,UPI
1570,44,8,1,2024-02-12,Debit Card
1571,456,89,1,2022-09-19,UPI
1572,471,57,1,2023-09-10,Cash on Delivery
1573,34,14,1,2025-02-19,UPI
1574,151,49,4,2022-07-16,Cash on Delivery
1575,120,77,5,2022-01-22,Cash on Delivery
1576,197,60,4,2025-06-24,UPI
1577,174,84,1,2024-07-18,Debit Card
1578,301,25,1,2022-07-30,UPI
1579,305,92,1,2025-04-29,Credit Card
1580,464,74,2,2025-07-29,Debit Card
1581,182,54,4,2025-06-25,Cash on Delivery
1582,96,32,2,2022-04-01,UPI
1583,66,40,5,2024-06-11,Debit Card
1584,160,75,5,2022-10-26,Credit Card
1585,241,40,5,2023-12-04,Debit Card
1586,189,2,5,2025-04-16,Credit Card
1587,30,31,5,2025-02-19,UPI
1588,217,45,2,2023-02-15,Credit Card
1589,403,9,3,2023-01-23,Cash on Delivery
1590,356,89,4,2025-05-13,Debit Card
1591,437,75,5,2023-11-19,Debit Card
1592,215,43,2,2022-08-03,Cash on Delivery
1593,449,6,4,2023-03-26,UPI
1594,328,29,2,2024-08-13,Credit Card
1595,123,62,3,2024-02-09,Credit Card
1596,205,24,1,2024-01-14,UPI
1597,38,46,1,2025-02-10,UPI
1598,73,38,4,2023-02-03,Debit Card
1599,23,4,2,2023-02-10,Debit Card
1600,90,29,3,2022-12-23,Debit Card
1601,434,71,2,2023-01-01,Credit Card
1602,12,23,3,2022-07-27,UPI
1603,426,87,2,2024-02-16,UPI
1604,174,27,3,2024-07-23,Credit Card
1605,190,48,2,2024-12-15,Cash on Delivery
1606,450,92,1,2022-08-31,Credit Card
1607,452,17,2,2023-01-28,Cash on Delivery
1608,356,48,3,2025-05-12,Cash on Delivery
1609,326,32,1,2025-06-15,Credit Card
1610,438,69,3,2022-11-01,Debit Card
1611,127,7,3,2022-09-16,Cash on Delivery
1612,108,94,1,2024-08-21,UPI
1613,86,66,4,2025-08-14,Debit Card
1614,256,67,4,2023-01-02,Debit Card
1615,365,48,5,2024-09-16,Cash on Delivery
1616,243,35,5,2024-04-01,UPI
1617,107,29,2,2024-07-14,Credit Card
1618,203,28,3,2024-05-20,Cash on Delivery
1619,293,21,3,2023-06-06,UPI
1620,69,97,1,2023-08-28,Cash on Delivery
1621,266,46,2,2025-04-10,UPI
1622,239,66,5,2023-11-20,Cash on Delivery
1623,231,60,4,2024-04-17,Debit Card
1624,412,64,3,2023-07-14,Cash on Delivery
1625,13,23,4,2023-04-24,Debit Card
1626,331,10,3,2022-06-18,Debit Card
1627,432,65,5,2025-01-24,UPI
1628,403,36,2,2022-07-21,UPI
1629,37,47,1,2025-01-23,Credit Card
1630,171,26,3,2023-05-28,Debit Card
1631,382,99,3,2023-01-26,Credit Card
1632,438,97,5,2023-06-19,UPI
1633,395,39,3,2023-12-11,Cash on Delivery
1634,485,52,5,2025-09-04,UPI
1635,242,84,5,2022-11-02,Cash on Delivery
1636,117,30,2,2024-08-29,Credit Card
1637,265,76,5,2024-08-17,Cash on Delivery
1638,175,11,3,2023-01-20,Cash on Delivery
1639,395,90,4,2023-03-06,Cash on Delivery
1640,231,72,1,2024-02-07,Credit Card
1641,296,17,3,2022-01-20,Cash on Delivery
1642,415,85,3,2023-11-27,Credit Card
1643,215,55,4,2025-01-06,Debit Card
1644,167,76,1,2025-03-08,UPI
1645,473,18,2,2023-11-08,Cash on Delivery
1646,196,27,4,2022-05-11,Cash on Delivery
1647,97,61,1,2023-11-05,Cash on Delivery
1648,328,39,1,2022-12-18,UPI
1649,346,71,2,2022-03-07,Cash on Delivery
1650,14,24,2,2022-05-23,Cash on Delivery
1651,146,27,2,2023-08-20,UPI
1652,233,8,3,2024-11-27,UPI
1653,88,42,4,2024-03-11,Credit Card
1654,57,17,5,2024-05-06,Cash on Delivery
1655,381,9,4,2023-02-27,Credit Card
1656,446,27,3,2024-06-04,Cash on Delivery
1657,82,78,5,2023-09-28,Credit Card
1658,258,92,4,2023-07-19,Credit Card
1659,4,19,4,2022-05-12,Cash on Delivery
1660,310,32,5,2023-11-05,Cash on Delivery
1661,236,60,5,2022-03-22,UPI
1662,148,83,4,2023-12-12,Debit Card
1663,201,79,2,2024-04-30,Credit Card
1664,92,80,4,2024-07-26,Cash on Delivery
1665,467,85,2,2025-03-10,UPI
1666,202,90,1,2023-05-06,Credit Card
1667,141,81,5,2023-08-21,UPI
1668,358,93,2,2024-10-07,Cash on Delivery
1669,391,71,1,2024-01-26,UPI
1670,387,14,5,2023-10-30,Cash on Delivery
1671,231,22,3,2023-03-01,UPI
1672,237,4,1,2025-08-01,Cash on Delivery
1673,196,44,4,2023-02-03,Cash on Delivery
1674,20,2,3,2022-08-23,Credit Card
1675,168,86,4,2024-09-19,Cash on Delivery
1676,35,11,5,2025-09-07,Credit Card
1677,366,57,2,2024-08-22,Debit Card
1678,431,21,2,2022-02-06,UPI
1679,91,38,1,2024-12-30,Cash on Delivery
1680,87,10,1,2025-10-19,Debit Card
1681,79,57,3,2022-12-31,Credit Card
1682,366,5,5,2023-03-19,Cash on Delivery
1683,357,7,5,2025-08-05,UPI
1684,200,89,3,2024-06-28,UPI
1685,307,1,1,2024-02-12,Credit Card
1686,476,32,3,2023-05-04,Credit Card
1687,47,3,4,2022-02-27,UPI
1688,173,25,1,2023-03-28,UPI
1689,409,86,2,2022-12-09,UPI
1690,213,66,1,2023-11-01,Debit Card
1691,288,81,2,2025-07-03,Credit Card
1692,479,70,4,2024-05-26,UPI
1693,119,28,1,2024-01-01,Debit Card
1694,89,2,4,2025-09-01,Debit Card
1695,7,50,2,2024-07-28,Credit Card
1696,34,85,3,2025-08-24,Debit Card
1697,23,9,2,2024-04-21,Debit Card
1698,393,77,4,2022-07-28,Credit Card
1699,129,13,5,2023-10-27,Cash on Delivery
1700,348,99,2,2023-11-12,Credit Card
1701,326,98,3,2025-09-26,Cash on Delivery
1702,35,43,1,2025-05-31,Cash on Delivery
1703,196,66,2,2024-10-28,UPI
1704,120,3,5,2022-09-12,Debit Card
1705,122,95,4,2023-05-14,UPI
1706,31,18,3,2024-10-18,Debit Card
1707,104,20,4,2023-02-23,UPI
1708,122,93,5,2024-06-27,Debit Card
1709,69,36,3,2025-08-11,UPI
1710,267,54,3,2022-02-18,Credit Card
1711,434,94,3,2023-12-03,Credit Card
1712,106,70,1,2025-09-23,Credit Card
1713,411,88,2,2025-05-30,Cash on Delivery
1714,267,42,2,2024-06-24,UPI
1715,34,63,1,2023-01-30,UPI
1716,325,19,2,2022-09-15,UPI
1717,89,76,5,2023-02-23,Credit Card
1718,260,11,4,2024-08-14,Debit Card
1719,85,93,2,2023-05-17,Cash on Delivery
1720,91,78,2,2023-09-13,Debit Card
1721,296,58,2,2023-07-11,Cash on Delivery
1722,41,47,4,2024-02-13,Credit Card
1723,242,57,4,2024-10-31,Cash on Delivery
1724,390,20,4,2022-02-10,Cash on Delivery
1725,219,11,3,2025-05-03,Credit Card
1726,284,94,2,2023-06-11,Cash on Delivery
1727,238,40,4,2023-08-04,Cash on Delivery
1728,288,78,4,2022-05-28,Debit Card
1729,70,92,4,2023-02-05,Credit Card
1730,470,25,1,2022-01-27,Debit Card
1731,252,52,4,2024-03-19,Debit Card
1732,197,63,3,2025-08-05,UPI
1733,210,5,1,2024-02-28,Credit Card
1734,100,98,4,2023-06-07,Debit Card
1735,261,91,4,2025-07-24,Debit Card
1736,357,8,4,2024-05-18,Credit Card
1737,125,62,1,2024-01-11,UPI
1738,358,86,2,2023-06-20,Cash on Delivery
1739,484,88,2,2023-06-05,Credit Card
1740,309,75,2,2022-01-26,UPI
1741,395,12,4,2024-03-25,UPI
1742,266,25,4,2022-12-06,Cash on Delivery
1743,130,89,3,2024-10-22,Cash on Delivery
1744,301,40,4,2022-07-02,UPI
1745,326,74,3,2022-10-20,Debit Card
1746,384,27,4,2023-09-23,UPI
1747,87,63,1,2022-07-18,UPI
1748,397,90,4,2024-12-11,Cash on Delivery
1749,336,37,4,2022-12-16,Credit Card
1750,192,24,2,2023-02-10,Cash on Delivery
1751,94,65,1,2024-07-11,Credit Card
1752,96,26,1,2023-01-10,Credit Card
1753,133,53,4,2025-07-07,UPI
1754,445,82,2,2022-06-13,Debit Card
1755,44,49,1,2023-07-21,UPI
1756,176,4,5,2023-04-26,Cash on Delivery
1757,249,87,1,2022-01-20,UPI
1758,137,97,1,2025-09-24,UPI
1759,50,28,5,2022-01-15,Cash on Delivery
1760,309,67,3,2024-09-22,Cash on Delivery
1761,388,44,5,2024-05-29,Debit Card
1762,190,88,3,2023-10-08,Credit Card
1763,482,47,4,2024-02-15,UPI
1764,500,46,3,2022-07-25,UPI
1765,234,90,4,2022-10-12,UPI
1766,309,16,5,2023-07-27,Credit Card
1767,189,58,5,2025-09-11,Cash on Delivery
1768,264,53,2,2022-01-07,Debit Card
1769,9,82,3,2022-04-04,Debit Card
1770,348,57,2,2025-05-27,Cash on Delivery
1771,205,95,5,2022-06-16,Debit Card
1772,220,61,1,2024-02-28,Debit Card
1773,311,25,2,2024-12-01,UPI
1774,66,64,1,2023-09-10,Cash on Delivery
1775,87,58,1,2024-09-14,Credit Card
1776,125,28,2,2025-09-13,UPI
1777,55,56,1,2022-11-25,Debit Card
1778,463,50,3,2023-03-28,Debit Card
1779,341,61,1,2025-09-24,Credit Card
1780,473,69,4,2022-07-05,Debit Card
1781,447,29,5,2025-05-15,UPI
1782,330,44,4,2024-02-21,Cash on Delivery
1783,414,30,2,2023-06-15,UPI
1784,149,12,1,2022-07-02,Debit Card
1785,380,76,2,2022-08-26,Debit Card
1786,66,41,4,2025-03-27,UPI
1787,160,8,5,2025-01-01,Credit Card
1788,434,50,4,2023-10-17,Debit Card
1789,409,87,2,2024-11-30,Credit Card
1790,55,51,1,2025-01-07,Cash on Delivery
1791,162,19,3,2023-03-25,Cash on Delivery
1792,349,59,2,2025-05-16,Debit Card
1793,75,96,1,2025-05-11,Debit Card
1794,159,65,1,2023-07-15,Cash on Delivery
1795,324,28,4,2023-08-20,Cash on Delivery
1796,31,43,2,2023-03-08,Credit Card
1797,359,95,1,2023-01-02,Cash on Delivery
1798,373,51,3,2025-09-12,Credit Card
1799,12,71,4,2023-11-23,Cash on Delivery
1800,348,61,3,2024-03-12,Cash on Delivery
1801,37,68,3,2023-08-02,Credit Card
1802,359,71,4,2022-07-19,Credit Card
1803,166,97,5,2022-04-21,Debit Card
1804,235,84,2,2025-03-28,Credit Card
1805,227,90,4,2023-08-20,Credit Card
1806,108,28,2,2025-08-26,UPI
1807,186,93,5,2022-07-28,Credit Card
1808,193,55,2,2022-04-26,UPI
1809,183,61,2,2022-04-18,UPI
1810,264,84,3,2025-04-30,Cash on Delivery
1811,497,20,4,2023-05-17,UPI
1812,61,31,4,2024-09-27,Debit Card
1813,353,77,2,2025-08-29,Cash on Delivery
1814,398,89,1,2024-08-07,Cash on Delivery
1815,141,81,4,2024-01-23,UPI
1816,62,15,1,2022-09-07,Cash on Delivery
1817,329,86,5,2023-04-06,UPI
1818,301,74,5,2024-09-09,Debit Card
1819,356,96,1,2025-04-29,Credit Card
1820,197,62,4,2023-09-04,Credit Card
1821,51,42,1,2025-01-05,Credit Card
1822,208,90,1,2024-03-17,Cash on Delivery
1823,33,67,5,2025-01-08,UPI
1824,386,97,2,2025-09-10,UPI
1825,93,77,2,2022-01-11,Cash on Delivery
1826,410,41,1,2022-03-22,Credit Card
1827,295,27,2,2022-06-29,Debit Card
1828,436,97,1,2022-06-23,UPI
1829,260,39,3,2025-01-19,Credit Card
1830,217,85,1,2023-05-24,Debit Card
1831,24,67,3,2025-09-11,Cash on Delivery
1832,72,74,4,2023-10-03,Debit Card
1833,311,69,5,2023-03-06,UPI
1834,340,6,2,2022-03-17,Credit Card
1835,73,39,2,2022-10-02,Credit Card
1836,303,46,3,2022-09-21,Cash on Delivery
1837,39,71,3,2023-06-18,Cash on Delivery
1838,333,21,4,2024-07-23,UPI
1839,484,33,4,2022-10-21,Credit Card
1840,37,81,3,2025-07-20,Credit Card
1841,366,48,5,2025-09-08,Credit Card
1842,215,20,3,2024-06-07,Cash on Delivery
1843,14,78,2,2022-06-08,Debit Card
1844,64,69,1,2025-11-01,Cash on Delivery
1845,34,43,1,2024-01-14,Debit Card
1846,399,35,2,2023-04-08,Debit Card
1847,6,13,4,2023-04-01,Cash on Delivery
1848,488,14,1,2022-12-26,Debit Card
1849,302,63,1,2024-12-19,Debit Card
1850,359,74,3,2025-02-03,Debit Card
1851,312,13,1,2022-12-16,Debit Card
1852,485,97,4,2023-01-06,Debit Card
1853,413,95,5,2025-02-03,Cash on Delivery
1854,245,76,2,2023-06-15,UPI
1855,352,66,2,2025-09-08,Credit Card
1856,74,49,5,2023-07-02,UPI
1857,471,93,3,2023-05-26,Cash on Delivery
1858,362,59,2,2024-06-17,Debit Card
1859,409,60,5,2023-08-11,Debit Card
1860,488,55,5,2023-04-14,Debit Card
1861,326,12,3,2024-04-12,Debit Card
1862,433,12,1,2022-06-07,Credit Card
1863,484,12,2,2025-03-24,UPI
1864,44,96,3,2025-02-08,Cash on Delivery
1865,414,2,4,2025-10-18,Credit Card
1866,246,64,5,2025-10-18,UPI
1867,208,2,5,2023-01-25,UPI
1868,366,55,5,2023-12-08,Credit Card
1869,379,85,5,2025-11-01,UPI
1870,311,58,2,2025-10-13,Credit Card
1871,90,10,3,2022-10-01,Debit Card
1872,488,7,4,2024-10-11,Cash on Delivery
1873,88,48,1,2023-11-24,Credit Card
1874,426,70,1,2023-08-18,Debit Card
1875,248,38,3,2023-03-13,UPI
1876,378,81,5,2024-03-17,Credit Card
1877,473,40,5,2022-03-14,Cash on Delivery
1878,457,80,4,2022-04-28,Debit Card
1879,4,79,4,2023-11-04,Debit Card
1880,182,14,1,2023-12-18,Credit Card
1881,206,46,1,2022-07-27,Cash on Delivery
1882,252,26,1,2024-12-19,Credit Card
1883,211,16,4,2022-01-15,Credit Card
1884,394,85,3,2023-04-09,Cash on Delivery
1885,203,48,3,2024-01-17,Cash on Delivery
1886,457,24,5,2023-07-06,UPI
1887,225,85,4,2022-11-28,Credit Card
1888,182,96,4,2022-01-12,Debit Card
1889,453,91,2,2022-08-15,Credit Card
1890,146,6,2,2024-03-19,Cash on Delivery
1891,381,43,1,2022-11-25,Credit Card
1892,486,62,3,2022-09-01,Cash on Delivery
1893,251,71,4,2025-10-28,Credit Card
1894,167,97,4,2024-10-24,Cash on Delivery
1895,68,15,1,2022-02-13,Credit Card
1896,80,45,5,2022-01-28,Credit Card
1897,27,87,3,2024-05-29,UPI
1898,223,62,3,2023-08-01,Cash on Delivery
1899,43,98,4,2023-05-23,Credit Card
1900,374,66,2,2023-05-26,Debit Card
1901,393,15,3,2023-05-22,Cash on Delivery
1902,102,61,1,2024-10-25,Credit Card
1903,97,76,2,2023-04-15,UPI
1904,68,52,1,2023-07-15,Credit Card
1905,476,19,4,2022-02-06,Credit Card
1906,47,7,4,2024-04-14,Debit Card
1907,359,82,2,2023-03-31,Debit Card
1908,219,62,1,2024-11-10,Cash on Delivery
1909,330,7,3,2022-08-14,Debit Card
1910,187,36,3,2024-05-06,Credit Card
1911,164,7,2,2022-03-25,UPI
1912,27,85,3,2023-03-11,Debit Card
1913,242,36,5,2022-07-26,Cash on Delivery
1914,95,33,4,2024-01-15,Debit Card
1915,156,15,1,2025-10-02,UPI
1916,350,71,2,2023-11-10,Debit Card
1917,380,47,5,2024-12-19,Debit Card
1918,122,84,3,2023-03-07,Cash on Delivery
1919,45,14,2,2025-07-13,UPI
1920,22,76,2,2023-01-31,Cash on Delivery
1921,474,13,1,2025-01-24,Debit Card
1922,155,93,4,2023-02-18,Credit Card
1923,23,17,2,2024-05-06,Debit Card
1924,457,98,5,2023-12-13,Debit Card
1925,230,81,1,2024-06-12,UPI
1926,248,54,5,2024-10-28,UPI
1927,86,77,3,2022-09-22,Debit Card
1928,24,73,1,2023-01-25,Cash on Delivery
1929,254,88,5,2024-11-17,UPI
1930,85,57,5,2024-02-26,Cash on Delivery
1931,206,78,3,2023-02-28,Credit Card
1932,2,21,5,2023-03-23,UPI
1933,451,66,4,2024-10-28,Debit Card
1934,156,29,3,2023-07-04,UPI
1935,88,29,1,2024-12-28,Credit Card
1936,150,6,2,2023-07-23,Credit Card
1937,139,7,2,2023-03-07,UPI
1938,1,84,3,2025-07-19,Debit Card
1939,167,11,5,2023-06-25,Credit Card
1940,210,79,3,2023-10-27,UPI
1941,321,2,3,2023-03-26,Debit Card
1942,91,33,1,2025-01-05,UPI
1943,370,96,4,2025-09-01,Debit Card
1944,446,81,5,2025-02-02,Credit Card
1945,419,57,2,2023-10-27,Debit Card
1946,105,75,4,2022-11-15,Cash on Delivery
1947,119,94,4,2024-01-25,Credit Card
1948,462,62,1,2024-10-12,Credit Card
1949,236,24,2,2023-01-22,Cash on Delivery
1950,483,94,2,2025-08-19,Debit Card
1951,11,40,2,2022-12-30,Cash on Delivery
1952,352,78,2,2022-05-23,Credit Card
1953,37,55,2,2024-07-20,Cash on Delivery
1954,52,93,5,2022-10-09,UPI
1955,309,13,4,2024-02-26,UPI
1956,57,2,1,2022-09-28,Credit Card
1957,395,11,3,2022-10-20,UPI
1958,406,2,1,2025-01-15,Debit Card
1959,437,91,1,2023-02-19,Credit Card
1960,246,98,5,2024-06-28,Credit Card
1961,158,43,4,2022-11-13,Credit Card
1962,29,70,3,2025-07-09,UPI
1963,11,6,1,2025-01-20,Debit Card
1964,53,66,4,2022-10-18,UPI
1965,468,29,1,2023-04-10,Cash on Delivery
1966,198,19,3,2025-09-04,Debit Card
1967,116,88,4,2022-08-19,Cash on Delivery
1968,87,15,2,2022-07-28,Debit Card
1969,183,10,5,2023-11-15,UPI
1970,185,11,1,2025-05-23,Credit Card
1971,92,55,5,2023-11-17,Credit Card
1972,348,55,2,2025-09-28,Debit Card
1973,320,37,3,2022-08-01,Debit Card
1974,470,64,3,2023-06-28,UPI
1975,404,1,2,2025-09-05,Credit Card
1976,164,19,4,2024-07-03,Cash on Delivery
1977,418,9,1,2025-03-29,Cash on Delivery
1978,492,94,3,2022-10-24,UPI
1979,166,17,2,2024-02-28,Debit Card
1980,164,64,4,2024-09-12,Cash on Delivery
1981,309,82,3,2022-10-11,Credit Card
1982,197,54,5,2024-10-15,Cash on Delivery
1983,273,69,2,2024-02-27,UPI
1984,298,92,4,2024-12-15,Credit Card
1985,360,12,2,2024-01-11,UPI
1986,105,3,3,2025-02-17,Cash on Delivery
1987,491,18,1,2022-05-03,Debit Card
1988,185,100,2,2023-08-27,Cash on Delivery
1989,74,71,4,2023-05-12,Credit Card
1990,424,29,1,2022-10-10,UPI
1991,493,90,2,2024-02-13,UPI
1992,357,55,3,2022-04-21,UPI
1993,340,75,1,2024-09-03,Credit Card
1994,16,19,3,2022-10-17,UPI
1995,126,10,1,2025-03-11,Cash on Delivery
1996,77,98,2,2024-08-20,Credit Card
1997,384,68,3,2024-08-20,Cash on Delivery
1998,370,44,4,2025-08-13,UPI
1999,147,15,2,2022-05-03,UPI
2000,310,97,2,2024-10-27,Credit Card
2001,6,51,4,2025-10-24,Cash on Delivery
2002,284,92,3,2025-03-17,Debit Card
2003,364,30,4,2022-11-18,Debit Card
2004,499,12,5,2024-02-13,Credit Card
2005,381,28,4,2025-06-21,UPI
2006,113,51,2,2025-02-19,UPI
2007,419,89,4,2024-09-04,Debit Card
2008,335,83,4,2024-02-19,Credit Card
2009,28,48,4,2023-02-03,Debit Card
2010,56,14,1,2024-01-13,Debit Card
2011,15,31,3,2022-11-30,UPI
2012,34,28,5,2022-01-23,Debit Card
2013,97,71,2,2025-07-31,UPI
2014,124,35,1,2025-03-13,UPI
2015,289,62,1,2022-04-09,Debit Card
2016,48,40,1,2024-01-01,Debit Card
2017,491,51,5,2023-02-04,Debit Card
2018,385,51,3,2022-09-23,UPI
2019,170,53,5,2022-07-26,Credit Card
2020,13,76,4,2024-09-03,UPI
2021,149,21,2,2025-10-29,Cash on Delivery
2022,41,81,1,2023-04-20,Credit Card
2023,414,88,2,2022-11-26,Debit Card
2024,230,17,3,2023-08-19,Debit Card
2025,320,56,1,2025-10-30,Cash on Delivery
2026,123,27,5,2025-05-27,UPI
2027,491,20,5,2025-07-09,Cash on Delivery
2028,50,2,2,2023-09-26,UPI
2029,256,13,4,2023-10-05,Credit Card
2030,479,38,2,2022-05-20,Debit Card
2031,296,47,3,2022-07-02,UPI
2032,92,91,4,2023-06-13,Cash on Delivery
2033,132,98,4,2025-08-24,Credit Card
2034,482,16,5,2024-09-26,UPI
2035,187,37,4,2024-04-17,Credit Card
2036,226,47,5,2025-07-03,Debit Card
2037,192,11,4,2024-11-02,Cash on Delivery
2038,135,88,1,2025-06-25,UPI
2039,380,32,5,2022-01-17,Credit Card
2040,437,14,3,2024-02-09,Credit Card
2041,292,52,1,2023-04-02,Cash on Delivery
2042,448,60,1,2023-12-16,Cash on Delivery
2043,240,83,5,2024-08-10,UPI
2044,44,24,1,2024-03-23,Cash on Delivery
2045,103,52,3,2022-05-13,Debit Card
2046,176,78,4,2023-03-12,Cash on Delivery
2047,59,36,4,2022-03-20,Credit Card
2048,486,61,2,2025-08-04,Credit Card
2049,164,73,1,2025-05-16,Cash on Delivery
2050,32,47,4,2024-08-27,Credit Card
2051,28,28,1,2025-11-01,Cash on Delivery
2052,139,33,2,2022-06-21,Credit Card
2053,36,36,4,2022-06-17,Debit Card
2054,448,92,4,2024-05-09,Credit Card
2055,343,34,2,2022-04-21,UPI
2056,459,55,3,2023-09-01,Credit Card
2057,102,45,4,2024-09-13,Cash on Delivery
2058,275,89,2,2024-06-13,Debit Card
2059,468,89,5,2024-03-07,UPI
2060,288,77,2,2022-06-09,Credit Card
2061,166,86,3,2022-01-30,Credit Card
2062,460,59,2,2024-10-19,Debit Card
2063,59,87,4,2023-06-23,UPI
2064,231,17,4,2025-08-01,UPI
2065,19,28,2,2024-05-10,Credit Card
2066,308,49,2,2023-12-14,Credit Card
2067,488,25,5,2022-01-30,Debit Card
2068,417,47,1,2023-09-11,Debit Card
2069,258,16,4,2025-08-21,Cash on Delivery
2070,212,53,3,2023-12-23,Cash on Delivery
2071,268,98,3,2022-08-21,Credit Card
2072,235,55,3,2022-12-29,Credit Card
2073,278,56,4,2023-08-07,Cash on Delivery
2074,325,37,5,2022-07-23,UPI
2075,413,14,1,2025-08-23,UPI
2076,316,53,1,2024-10-13,UPI
2077,325,57,5,2025-04-05,UPI
2078,342,38,4,2023-03-10,Credit Card
2079,398,59,5,2024-02-20,UPI
2080,101,61,1,2023-12-20,Cash on Delivery
2081,212,83,4,2022-01-16,Debit Card
2082,401,29,5,2023-08-04,Debit Card
2083,451,85,3,2023-09-22,Cash on Delivery
2084,345,31,1,2024-04-29,UPI
2085,8,4,2,2024-02-06,Debit Card
2086,172,22,5,2024-05-30,Credit Card
2087,285,51,2,2025-06-16,Cash on Delivery
2088,425,7,5,2024-05-28,Credit Card
2089,481,82,4,2022-12-22,Cash on Delivery
2090,463,41,5,2022-11-21,Cash on Delivery
2091,119,13,2,2024-10-29,UPI
2092,324,74,4,2025-07-08,Debit Card
2093,429,71,2,2023-10-23,Credit Card
2094,48,12,1,2024-06-14,UPI
2095,322,99,5,2022-11-10,UPI
2096,317,91,5,2022-06-11,Cash on Delivery
2097,13,96,2,2024-07-18,Debit Card
2098,96,31,2,2023-09-01,Credit Card
2099,275,32,4,2023-06-18,UPI
2100,141,11,2,2025-07-08,UPI
2101,327,75,1,2022-08-16,Cash on Delivery
2102,475,77,1,2022-08-08,Credit Card
2103,145,34,2,2022-07-10,UPI
2104,254,47,2,2024-03-11,UPI
2105,252,3,4,2022-05-31,Cash on Delivery
2106,492,81,1,2023-03-07,Cash on Delivery
2107,193,41,4,2022-11-26,Credit Card
2108,153,2,2,2025-09-12,UPI
2109,61,44,3,2024-09-18,UPI
2110,82,67,3,2022-09-07,Credit Card
2111,311,4,5,2022-02-17,Credit Card
2112,111,47,1,2023-03-21,UPI
2113,168,18,2,2022-06-20,Credit Card
2114,138,36,4,2023-02-13,UPI
2115,179,91,5,2025-08-28,Debit Card
2116,240,96,4,2024-06-12,Cash on Delivery
2117,473,25,3,2022-12-21,Credit Card
2118,352,92,3,2024-03-15,UPI
2119,299,99,5,2023-10-01,Credit Card
2120,407,27,4,2024-06-06,Cash on Delivery
2121,217,77,3,2023-10-15,UPI
2122,311,50,4,2023-02-14,Debit Card
2123,192,81,1,2024-07-09,Credit Card
2124,456,5,5,2023-06-03,Cash on Delivery
2125,151,78,5,2023-12-23,Cash on Delivery
2126,16,15,2,2023-10-23,Cash on Delivery
2127,405,24,3,2023-05-18,UPI
2128,111,85,3,2024-02-01,Credit Card
2129,400,41,1,2022-01-20,Debit Card
2130,353,2,3,2023-03-14,Cash on Delivery
2131,291,42,2,2025-02-24,UPI
2132,198,37,5,2023-03-11,Credit Card
2133,53,72,3,2025-05-29,UPI
2134,294,83,4,2025-10-29,Cash on Delivery
2135,163,41,2,2023-02-08,UPI
2136,411,64,4,2022-04-06,Debit Card
2137,216,16,1,2024-07-16,Credit Card
2138,308,42,5,2024-02-24,Credit Card
2139,296,3,3,2022-02-06,UPI
2140,467,60,3,2022-09-26,Cash on Delivery
2141,19,69,5,2022-03-22,Debit Card
2142,331,3,1,2024-08-20,UPI
2143,425,54,3,2023-07-17,Debit Card
2144,386,45,4,2022-06-13,Debit Card
2145,253,79,1,2024-03-16,Debit Card
2146,357,59,4,2025-08-05,UPI
2147,432,48,5,2022-07-30,UPI
2148,115,7,1,2022-10-12,UPI
2149,166,89,4,2023-04-09,Credit Card
2150,46,25,3,2025-01-05,UPI
2151,479,89,1,2023-06-16,UPI
2152,57,7,3,2022-06-03,Debit Card
2153,169,89,5,2024-02-17,Debit Card
2154,358,22,2,2025-04-09,Cash on Delivery
2155,62,17,3,2022-10-31,Cash on Delivery
2156,327,58,1,2024-12-04,Credit Card
2157,296,62,4,2023-07-29,Debit Card
2158,396,94,4,2023-04-08,UPI
2159,136,99,3,2022-06-19,Debit Card
2160,286,32,2,2022-06-09,UPI
2161,498,64,1,2023-03-12,UPI
2162,344,28,4,2024-02-28,Credit Card
2163,250,14,3,2023-03-04,Debit Card
2164,390,40,4,2025-09-04,Credit Card
2165,435,65,1,2022-09-24,Credit Card
2166,470,47,4,2024-07-15,Credit Card
2167,400,52,2,2022-05-21,Debit Card
2168,217,22,3,2025-03-28,UPI
2169,76,60,1,2022-08-14,Credit Card
2170,9,59,2,2023-07-01,UPI
2171,244,85,5,2024-07-16,Debit Card
2172,136,16,5,2022-06-22,Debit Card
2173,221,28,2,2024-03-23,Cash on Delivery
2174,261,43,1,2024-06-22,Debit Card
2175,190,13,1,2025-08-21,Cash on Delivery
2176,375,55,2,2023-08-26,Credit Card
2177,207,23,5,2023-07-20,Cash on Delivery
2178,266,56,1,2025-10-27,UPI
2179,331,32,1,2023-03-26,UPI
2180,28,5,5,2023-06-30,Credit Card
2181,34,69,1,2023-07-19,Credit Card
2182,452,80,4,2024-03-13,Cash on Delivery
2183,52,29,3,2024-10-11,Credit Card
2184,88,27,3,2025-07-28,Debit Card
2185,362,77,3,2022-01-07,UPI
2186,95,65,5,2024-09-03,Debit Card
2187,437,89,2,2022-12-15,Debit Card
2188,349,9,2,2023-01-19,Debit Card
2189,461,59,2,2022-01-27,Cash on Delivery
2190,220,43,1,2022-12-30,Debit Card
2191,452,10,2,2025-10-23,UPI
2192,305,46,4,2025-04-09,UPI
2193,251,32,4,2022-08-13,UPI
2194,420,3,5,2025-10-24,Debit Card
2195,428,30,5,2024-10-27,Credit Card
2196,387,19,1,2022-07-24,Debit Card
2197,412,95,3,2024-07-15,Cash on Delivery
2198,377,45,5,2023-06-12,Cash on Delivery
2199,130,47,4,2022-01-28,Debit Card
2200,155,91,3,2024-11-26,Cash on Delivery
2201,58,35,5,2025-08-03,UPI
2202,76,53,2,2025-09-12,Credit Card
2203,183,64,1,2023-05-16,Cash on Delivery
2204,185,27,1,2023-02-01,Cash on Delivery
2205,328,14,3,2025-07-07,Cash on Delivery
2206,491,68,2,2023-06-28,Debit Card
2207,455,43,4,2025-04-21,Cash on Delivery
2208,484,36,3,2023-01-26,UPI
2209,297,67,3,2025-06-08,UPI
2210,222,59,5,2023-12-12,Debit Card
2211,57,2,4,2022-10-29,Cash on Delivery
2212,349,20,5,2023-08-17,Credit Card
2213,156,63,3,2022-05-13,Debit Card
2214,8,59,1,2023-03-22,Debit Card
2215,423,76,1,2022-04-19,Cash on Delivery
2216,157,1,4,2023-12-23,UPI
2217,26,33,2,2023-12-19,Debit Card
2218,403,65,5,2022-11-14,UPI
2219,366,35,2,2023-02-07,Cash on Delivery
2220,300,11,3,2023-03-25,UPI
2221,243,46,2,2025-10-21,Cash on Delivery
2222,217,52,1,2023-06-20,Debit Card
2223,306,40,2,2025-02-28,Cash on Delivery
2224,348,42,5,2022-10-13,Credit Card
2225,129,18,4,2025-02-09,Credit Card
2226,155,40,1,2023-09-01,Cash on Delivery
2227,280,24,4,2024-06-13,UPI
2228,71,68,4,2023-10-04,Debit Card
2229,240,46,4,2024-08-13,Cash on Delivery
2230,493,53,4,2022-02-26,UPI
2231,491,99,4,2022-07-01,Credit Card
2232,315,39,2,2025-04-03,Debit Card
2233,66,80,5,2025-03-04,Debit Card
2234,28,97,4,2022-09-15,Cash on Delivery
2235,344,1,4,2024-11-26,Cash on Delivery
2236,430,7,1,2022-04-23,Debit Card
2237,425,84,1,2023-11-14,UPI
2238,421,38,5,2024-09-13,Debit Card
2239,443,8,1,2025-04-12,UPI
2240,360,27,5,2022-10-23,Cash on Delivery
2241,70,29,2,2023-09-09,Debit Card
2242,369,1,4,2025-07-01,Credit Card
2243,59,9,1,2022-11-10,UPI
2244,267,13,2,2023-02-23,UPI
2245,243,4,5,2024-06-27,Cash on Delivery
2246,29,16,3,2024-04-08,Cash on Delivery
2247,95,31,5,2023-06-18,Cash on Delivery
2248,440,85,5,2022-09-10,Cash on Delivery
2249,75,82,1,2023-01-14,Credit Card
2250,420,96,2,2022-12-16,Credit Card
2251,244,62,3,2023-08-16,UPI
2252,492,76,4,2024-01-23,Debit Card
2253,201,50,1,2024-08-08,Cash on Delivery
2254,417,55,2,2022-02-27,Debit Card
2255,235,16,5,2024-03-08,UPI
2256,298,39,1,2025-08-14,Cash on Delivery
2257,22,46,2,2024-08-16,Cash on Delivery
2258,142,2,2,2024-01-03,Credit Card
2259,179,91,5,2024-03-10,UPI
2260,90,84,2,2023-12-22,Debit Card
2261,236,92,2,2023-07-25,Debit Card
2262,473,51,1,2025-08-14,Cash on Delivery
2263,193,61,5,2025-09-11,Credit Card
2264,295,91,5,2025-09-11,Debit Card
2265,67,90,3,2025-04-20,Debit Card
2266,300,80,4,2022-05-19,UPI
2267,16,94,2,2023-04-20,UPI
2268,341,14,4,2025-10-23,Cash on Delivery
2269,166,98,2,2023-04-30,UPI
2270,461,23,4,2024-05-10,UPI
2271,32,79,3,2022-08-23,UPI
2272,434,96,1,2024-06-23,Debit Card
2273,311,81,1,2022-12-23,Debit Card
2274,56,90,4,2024-02-13,Credit Card
2275,327,74,5,2023-02-14,Credit Card
2276,130,63,4,2025-10-22,Debit Card
2277,116,26,2,2024-06-07,Credit Card
2278,45,75,1,2025-07-12,UPI
2279,105,5,2,2022-01-11,Debit Card
2280,397,53,5,2025-01-24,UPI
2281,175,24,5,2024-10-13,Credit Card
2282,427,27,5,2024-08-28,Debit Card
2283,183,80,5,2022-10-10,UPI
2284,225,55,4,2022-05-26,UPI
2285,66,67,3,2022-07-26,UPI
2286,256,30,1,2025-05-16,Debit Card
2287,12,29,3,2023-05-30,Cash on Delivery
2288,361,46,1,2022-11-20,Debit Card
2289,39,69,5,2023-05-10,Debit Card
2290,205,80,1,2025-01-23,UPI
2291,299,61,3,2025-08-30,UPI
2292,17,44,4,2023-06-19,Credit Card
2293,172,98,1,2022-10-13,Credit Card
2294,281,94,3,2025-09-20,UPI
2295,121,64,1,2025-02-28,UPI
2296,178,10,4,2025-05-10,UPI
2297,455,71,4,2022-09-23,Debit Card
2298,371,6,1,2022-03-14,Cash on Delivery
2299,260,29,3,2024-06-02,Cash on Delivery
2300,156,30,1,2022-04-24,UPI
2301,397,26,5,2025-05-30,Cash on Delivery
2302,350,88,1,2025-02-05,Cash on Delivery
2303,27,50,4,2022-09-14,Cash on Delivery
2304,360,55,5,2022-10-10,UPI
2305,225,16,5,2024-01-24,Debit Card
2306,100,44,4,2022-04-29,Credit Card
2307,119,12,5,2022-01-21,Credit Card
2308,212,96,5,2025-03-09,UPI
2309,411,2,2,2022-04-27,UPI
2310,30,17,4,2023-01-05,Debit Card
2311,23,41,3,2025-05-18,Credit Card
2312,150,17,5,2024-03-25,Cash on Delivery
2313,337,16,1,2022-06-06,Debit Card
2314,481,70,2,2024-10-10,Debit Card
2315,460,29,4,2023-09-12,Debit Card
2316,400,71,3,2025-08-31,Credit Card
2317,270,35,3,2025-01-13,UPI
2318,28,45,4,2025-06-27,Cash on Delivery
2319,144,11,2,2022-10-08,Credit Card
2320,157,95,5,2023-03-08,UPI
2321,191,93,2,2022-03-15,Credit Card
2322,358,57,4,2022-08-22,UPI
2323,256,5,3,2023-07-24,Cash on Delivery
2324,154,11,1,2023-07-26,Cash on Delivery
2325,254,3,4,2024-02-27,Cash on Delivery
2326,23,29,2,2024-02-16,Credit Card
2327,338,56,5,2022-04-18,Debit Card
2328,17,70,3,2022-02-23,Debit Card
2329,473,34,5,2023-03-20,UPI
2330,175,93,5,2024-06-07,Cash on Delivery
2331,401,94,1,2022-08-12,Cash on Delivery
2332,488,93,3,2024-12-31,Cash on Delivery
2333,218,74,5,2024-11-28,Debit Card
2334,84,49,4,2023-05-03,Credit Card
2335,465,2,3,2025-10-29,Debit Card
2336,44,32,5,2023-08-29,Debit Card
2337,293,51,1,2025-06-14,Debit Card
2338,186,35,3,2025-08-30,UPI
2339,64,40,5,2025-09-15,Debit Card
2340,429,34,2,2024-06-27,Cash on Delivery
2341,9,57,1,2024-08-13,UPI
2342,495,46,4,2025-07-30,Credit Card
2343,210,8,5,2022-06-12,Debit Card
2344,460,79,5,2023-10-06,UPI
2345,226,24,3,2023-07-20,Debit Card
2346,445,64,2,2023-04-11,Credit Card
2347,76,80,1,2023-04-22,UPI
2348,336,5,2,2024-11-03,Cash on Delivery
2349,297,41,1,2025-02-07,Credit Card
2350,32,92,3,2023-06-12,UPI
2351,348,46,5,2022-04-02,Credit Card
2352,180,14,1,2024-11-04,Cash on Delivery
2353,58,66,1,2023-05-01,Credit Card
2354,167,74,3,2025-10-26,Cash on Delivery
2355,37,83,4,2023-08-03,Credit Card
2356,13,42,5,2024-01-08,Debit Card
2357,500,53,3,2024-08-21,Debit Card
2358,319,4,2,2024-01-25,UPI
2359,149,20,5,2022-02-22,UPI
2360,312,28,3,2024-11-12,Debit Card
2361,482,28,4,2025-04-08,UPI
2362,337,93,2,2024-02-20,UPI
2363,490,10,2,2025-03-03,Cash on Delivery
2364,276,94,1,2024-12-16,UPI
2365,311,61,5,2024-12-01,Cash on Delivery
2366,163,35,2,2025-03-24,Debit Card
2367,467,32,3,2023-05-13,Debit Card
2368,119,59,3,2022-08-25,Credit Card
2369,228,94,4,2024-01-12,UPI
2370,181,72,5,2022-06-06,Debit Card
2371,335,62,5,2023-04-17,Cash on Delivery
2372,403,54,2,2025-03-12,Credit Card
2373,474,69,2,2024-04-14,Credit Card
2374,311,34,3,2023-12-01,Debit Card
2375,61,11,4,2024-05-12,Credit Card
2376,295,64,2,2023-01-04,Cash on Delivery
2377,8,22,1,2024-05-07,Debit Card
2378,392,71,4,2022-07-26,Credit Card
2379,446,5,4,2022-02-19,Credit Card
2380,38,17,5,2024-12-20,Cash on Delivery
2381,463,55,3,2022-09-19,Cash on Delivery
2382,357,72,2,2023-08-24,UPI
2383,173,44,5,2025-05-31,UPI
2384,370,6,1,2023-12-28,Cash on Delivery
2385,467,53,4,2024-06-11,Debit Card
2386,388,62,2,2023-01-11,UPI
2387,78,1,5,2025-04-29,Debit Card
2388,346,84,4,2024-02-16,Debit Card
2389,225,23,5,2025-04-19,Debit Card
2390,484,99,1,2023-04-21,Debit Card
2391,253,44,1,2025-03-01,Cash on Delivery
2392,147,42,4,2023-10-15,Credit Card
2393,489,19,1,2023-03-08,Cash on Delivery
2394,266,36,5,2025-06-14,Debit Card
2395,51,45,3,2022-12-06,UPI
2396,148,36,4,2024-06-17,Credit Card
2397,454,22,3,2023-06-16,UPI
2398,474,30,3,2022-10-16,UPI
2399,106,71,5,2022-12-12,UPI
2400,307,6,5,2025-01-06,Credit Card
2401,4,63,1,2024-01-27,Credit Card
2402,145,74,4,2024-06-30,Credit Card
2403,426,59,3,2022-08-13,UPI
2404,228,56,4,2023-06-23,UPI
2405,443,18,3,2025-10-01,UPI
2406,496,46,1,2023-04-01,UPI
2407,168,21,5,2023-11-18,Debit Card
2408,233,81,5,2025-10-08,UPI
2409,362,89,3,2022-03-20,Cash on Delivery
2410,52,91,5,2023-10-13,Credit Card
2411,431,72,1,2025-07-23,UPI
2412,126,18,5,2024-02-10,Credit Card
2413,345,26,3,2024-08-20,Credit Card
2414,249,24,4,2023-08-02,Credit Card
2415,102,82,1,2024-11-23,Credit Card
2416,2,56,1,2024-10-01,Credit Card
2417,364,23,1,2024-05-06,Debit Card
2418,315,49,5,2023-04-26,Debit Card
2419,248,68,2,2023-09-07,Credit Card
2420,449,38,4,2024-09-30,Cash on Delivery
2421,307,46,5,2024-09-12,Debit Card
2422,50,29,1,2023-08-12,Cash on Delivery
2423,497,58,3,2023-05-22,Cash on Delivery
2424,60,23,4,2023-10-16,UPI
2425,178,90,4,2022-09-20,Cash on Delivery
2426,431,63,5,2024-04-23,Credit Card
2427,15,38,3,2024-11-05,Credit Card
2428,456,53,1,2025-02-25,Debit Card
2429,134,87,3,2024-04-22,Cash on Delivery
2430,415,57,4,2024-03-27,Debit Card
2431,468,7,3,2024-09-21,Credit Card
2432,174,82,1,2023-09-24,Cash on Delivery
2433,210,29,5,2022-12-08,Credit Card
2434,400,81,1,2025-06-10,Debit Card
2435,67,78,5,2022-02-10,UPI
2436,411,49,1,2023-11-14,Debit Card
2437,393,99,5,2022-05-10,UPI
2438,266,27,3,2025-01-01,Credit Card
2439,81,69,4,2023-04-15,Debit Card
2440,411,21,3,2023-11-10,Cash on Delivery
2441,111,71,2,2022-01-28,UPI
2442,433,3,5,2022-07-29,Cash on Delivery
2443,406,63,1,2022-11-18,Debit Card
2444,155,4,2,2025-07-17,Credit Card
2445,18,35,1,2024-02-13,Cash on Delivery
2446,68,95,3,2022-06-23,UPI
2447,38,65,4,2022-02-11,UPI
2448,381,70,5,2022-11-07,UPI
2449,377,76,4,2023-02-02,Debit Card
2450,402,42,4,2024-11-15,UPI
2451,155,36,4,2023-02-20,UPI
2452,136,84,5,2024-08-23,Cash on Delivery
2453,150,55,1,2023-04-01,Cash on Delivery
2454,288,36,4,2023-08-06,Credit Card
2455,196,3,4,2024-03-17,Debit Card
2456,391,70,1,2024-07-15,Credit Card
2457,296,4,4,2023-04-21,Cash on Delivery
2458,190,62,5,2022-08-12,Debit Card
2459,171,19,1,2022-07-15,Credit Card
2460,107,63,5,2023-05-27,UPI
2461,73,52,5,2024-08-27,Credit Card
2462,31,99,4,2023-06-01,Cash on Delivery
2463,160,95,3,2022-11-05,UPI
2464,165,89,5,2025-05-11,Cash on Delivery
2465,447,1,3,2023-03-05,Cash on Delivery
2466,280,64,3,2025-08-28,Credit Card
2467,165,60,4,2024-11-19,UPI
2468,472,14,4,2022-06-08,Cash on Delivery
2469,66,97,1,2022-11-28,UPI
2470,86,26,4,2022-08-21,UPI
2471,454,55,4,2022-12-16,Cash on Delivery
2472,72,96,5,2024-05-06,Cash on Delivery
2473,5,38,1,2024-06-10,Debit Card
2474,369,87,3,2024-12-06,Debit Card
2475,315,48,5,2025-08-24,Credit Card
2476,73,38,5,2023-02-23,Debit Card
2477,266,78,3,2024-08-24,Cash on Delivery
2478,108,43,2,2022-12-03,Cash on Delivery
2479,6,41,4,2023-01-03,Credit Card
2480,241,9,1,2023-10-01,Credit Card
2481,103,89,1,2025-01-06,Cash on Delivery
2482,170,13,1,2025-07-03,Cash on Delivery
2483,305,21,1,2023-12-19,Credit Card
2484,177,81,1,2023-01-30,Debit Card
2485,146,55,5,2023-09-19,Debit Card
2486,320,99,4,2023-06-06,Credit Card
2487,40,76,2,2022-07-30,Credit Card
2488,144,23,3,2025-02-28,UPI
2489,65,67,5,2025-08-13,Cash on Delivery
2490,170,74,5,2025-05-23,Debit Card
2491,495,95,5,2025-10-01,Cash on Delivery
2492,108,22,1,2023-04-20,Credit Card
2493,47,79,2,2022-10-21,Credit Card
2494,244,1,3,2022-06-09,UPI
2495,71,66,4,2024-05-21,Cash on Delivery
2496,168,39,5,2022-08-29,Credit Card
2497,287,51,4,2024-02-29,Cash on Delivery
2498,182,40,5,2023-10-12,UPI
2499,453,78,2,2022-12-07,Debit Card
2500,365,19,4,2025-02-21,Cash on Delivery
2501,251,89,3,2022-09-04,Cash on Delivery
2502,334,45,2,2022-02-21,Debit Card
2503,438,60,3,2024-05-18,Credit Card
2504,316,72,2,2024-02-23,Debit Card
2505,92,96,1,2023-02-06,Cash on Delivery
2506,185,68,2,2022-01-12,Debit Card
2507,169,13,3,2023-06-04,UPI
2508,311,35,1,2025-08-18,Debit Card
2509,329,62,4,2022-03-31,Debit Card
2510,141,81,1,2025-03-17,UPI
2511,442,92,4,2025-05-29,Cash on Delivery
2512,252,23,4,2025-08-19,UPI
2513,20,48,1,2025-06-09,Credit Card
2514,362,95,2,2022-09-27,UPI
2515,215,16,1,2024-06-27,UPI
2516,161,13,5,2023-07-23,Credit Card
2517,336,79,1,2023-11-13,Debit Card
2518,460,91,2,2025-04-16,Debit Card
2519,265,2,4,2024-05-02,UPI
2520,34,25,5,2022-10-30,Debit Card
2521,43,23,4,2022-04-02,Debit Card
2522,312,26,5,2024-04-18,Credit Card
2523,326,96,1,2023-09-30,Debit Card
2524,288,45,1,2023-12-01,Cash on Delivery
2525,291,90,1,2025-03-05,Cash on Delivery
2526,46,15,1,2023-01-09,UPI
2527,96,41,5,2025-07-07,UPI
2528,393,22,1,2023-03-22,Debit Card
2529,236,11,2,2023-09-23,Credit Card
2530,383,97,2,2023-09-28,UPI
2531,195,91,3,2022-12-31,Debit Card
2532,72,73,3,2024-04-27,Credit Card
2533,428,25,3,2023-02-13,Credit Card
2534,152,34,4,2023-06-26,UPI
2535,251,46,5,2024-01-15,Debit Card
2536,396,83,5,2024-07-09,Credit Card
2537,19,75,4,2022-11-15,Credit Card
2538,360,56,3,2025-08-16,Debit Card
2539,107,44,5,2025-02-03,Debit Card
2540,47,66,2,2023-06-13,Credit Card
2541,240,34,1,2022-08-25,Credit Card
2542,244,18,4,2025-04-16,Debit Card
2543,191,73,4,2025-09-10,UPI
2544,166,90,1,2025-07-13,Debit Card
2545,446,2,2,2024-05-13,Cash on Delivery
2546,172,44,1,2023-01-19,Debit Card
2547,157,21,4,2025-01-24,Credit Card
2548,386,3,4,2025-06-16,Cash on Delivery
2549,304,74,4,2024-03-28,Cash on Delivery
2550,428,32,3,2024-02-04,Debit Card
2551,248,87,4,2023-09-07,UPI
2552,498,30,5,2022-08-09,Cash on Delivery
2553,219,100,3,2025-03-28,Cash on Delivery
2554,304,4,2,2024-11-14,Credit Card
2555,473,39,5,2024-12-09,Credit Card
2556,488,73,2,2022-09-24,Debit Card
2557,404,7,1,2023-09-26,Credit Card
2558,411,45,4,2024-03-21,Credit Card
2559,236,1,2,2023-02-15,Credit Card
2560,155,40,1,2023-01-14,Credit Card
2561,440,27,4,2022-07-04,Credit Card
2562,79,88,5,2024-02-06,UPI
2563,245,21,3,2022-07-24,Cash on Delivery
2564,282,88,4,2023-03-12,Cash on Delivery
2565,343,49,4,2023-05-13,UPI
2566,199,17,3,2022-10-01,Cash on Delivery
2567,396,42,3,2025-10-13,Cash on Delivery
2568,306,51,5,2022-05-27,Debit Card
2569,251,86,5,2022-02-25,Credit Card
2570,454,78,2,2023-04-27,Debit Card
2571,186,44,5,2022-01-04,Cash on Delivery
2572,469,10,2,2022-10-10,Cash on Delivery
2573,97,6,2,2023-09-11,Cash on Delivery
2574,48,44,4,2025-09-01,Credit Card
2575,218,20,3,2023-09-30,Cash on Delivery
2576,346,62,1,2023-06-19,Cash on Delivery
2577,92,21,4,2025-10-29,UPI
2578,239,11,3,2022-07-27,Cash on Delivery
2579,412,2,2,2023-10-16,Credit Card
2580,295,65,4,2024-07-20,UPI
2581,249,84,4,2024-05-15,UPI
2582,156,55,3,2025-07-22,UPI
2583,310,58,5,2024-02-03,Cash on Delivery
2584,365,43,5,2024-01-18,UPI
2585,403,23,4,2024-12-24,Cash on Delivery
2586,446,87,1,2022-11-04,UPI
2587,173,91,5,2023-06-13,Credit Card
2588,264,79,4,2024-06-09,UPI
2589,238,37,1,2022-09-06,Cash on Delivery
2590,236,47,1,2025-05-12,Debit Card
2591,130,55,3,2025-10-14,Debit Card
2592,393,4,5,2023-07-02,Credit Card
2593,151,46,4,2022-02-05,Cash on Delivery
2594,167,39,1,2025-05-05,UPI
2595,183,94,1,2024-12-24,Cash on Delivery
2596,128,23,1,2024-12-31,UPI
2597,65,94,2,2025-07-20,Cash on Delivery
2598,221,36,3,2024-07-27,Credit Card
2599,471,94,5,2025-03-11,Cash on Delivery
2600,21,10,3,2024-02-03,UPI
2601,76,78,1,2024-02-22,UPI
2602,173,82,3,2024-05-15,Cash on Delivery
2603,12,24,3,2025-08-30,UPI
2604,429,56,1,2023-01-28,Debit Card
2605,156,79,5,2025-01-09,Credit Card
2606,356,7,3,2025-03-20,Cash on Delivery
2607,111,98,4,2023-07-17,Credit Card
2608,142,65,1,2025-05-23,Cash on Delivery
2609,466,24,3,2023-07-13,UPI
2610,209,27,1,2024-04-28,Credit Card
2611,141,35,4,2025-05-11,Debit Card
2612,50,29,2,2022-02-07,Debit Card
2613,114,9,5,2023-08-13,Cash on Delivery
2614,302,54,5,2023-11-05,Cash on Delivery
2615,244,72,1,2023-12-04,Debit Card
2616,164,45,4,2022-11-07,Cash on Delivery
2617,438,96,4,2023-03-08,Credit Card
2618,345,50,3,2024-04-05,UPI
2619,339,74,1,2025-07-17,Cash on Delivery
2620,288,45,1,2023-03-02,Debit Card
2621,156,38,3,2024-07-13,Cash on Delivery
2622,16,20,5,2025-04-12,Credit Card
2623,320,46,5,2024-06-02,Cash on Delivery
2624,392,3,3,2025-02-13,Cash on Delivery
2625,121,49,5,2022-09-27,Cash on Delivery
2626,311,16,1,2024-03-21,Credit Card
2627,109,15,5,2023-08-16,Credit Card
2628,443,21,4,2025-01-31,Cash on Delivery
2629,181,97,2,2024-05-06,Debit Card
2630,164,99,3,2025-07-14,UPI
2631,341,88,3,2024-10-25,Cash on Delivery
2632,116,52,4,2024-08-08,Debit Card
2633,423,58,2,2022-12-30,Cash on Delivery
2634,148,1,5,2023-11-16,Cash on Delivery
2635,336,23,1,2024-02-25,Cash on Delivery
2636,499,54,4,2023-01-22,UPI
2637,317,29,2,2025-06-02,UPI
2638,307,74,4,2022-02-16,Debit Card
2639,313,32,2,2025-03-11,Cash on Delivery
2640,351,12,3,2022-02-16,Cash on Delivery
2641,283,66,2,2022-11-27,Cash on Delivery
2642,189,93,2,2022-12-25,Cash on Delivery
2643,480,92,2,2023-10-23,Credit Card
2644,151,9,1,2023-02-28,Cash on Delivery
2645,236,32,5,2024-06-27,Credit Card
2646,408,23,4,2024-10-21,UPI
2647,412,78,3,2022-11-23,Credit Card
2648,237,93,1,2022-01-15,UPI
2649,350,87,4,2024-11-30,Cash on Delivery
2650,442,50,1,2024-05-04,Debit Card
2651,453,92,5,2022-09-05,UPI
2652,225,62,1,2023-08-23,Cash on Delivery
2653,425,93,1,2024-01-15,Cash on Delivery
2654,367,66,4,2024-05-27,UPI
2655,54,19,3,2025-04-02,UPI
2656,370,22,3,2024-04-25,Debit Card
2657,73,32,4,2023-03-07,Debit Card
2658,50,43,1,2024-07-27,Cash on Delivery
2659,386,32,3,2023-12-03,Debit Card
2660,353,57,3,2024-07-11,Debit Card
2661,291,36,5,2022-03-15,Credit Card
2662,76,67,3,2022-02-23,Credit Card
2663,451,48,5,2024-01-13,Debit Card
2664,158,92,2,2025-03-08,Debit Card
2665,244,92,4,2025-10-10,Debit Card
2666,80,96,2,2022-10-28,Debit Card
2667,440,50,3,2025-07-28,Credit Card
2668,15,28,5,2023-09-13,Credit Card
2669,300,2,3,2024-01-16,Cash on Delivery
2670,245,80,2,2023-12-06,Credit Card
2671,301,65,3,2024-12-07,Debit Card
2672,194,63,2,2024-12-11,Cash on Delivery
2673,90,62,4,2022-01-30,UPI
2674,176,29,3,2023-02-27,Credit Card
2675,77,36,5,2022-09-02,Credit Card
2676,183,64,4,2025-03-12,UPI
2677,431,96,5,2023-04-13,Credit Card
2678,187,86,1,2024-03-27,UPI
2679,488,43,5,2022-05-18,Debit Card
2680,284,69,5,2022-06-12,UPI
2681,229,73,5,2023-05-23,Credit Card
2682,132,95,2,2025-08-25,Credit Card
2683,117,89,4,2022-12-30,UPI
2684,312,35,5,2023-07-23,UPI
2685,381,25,1,2022-09-29,Debit Card
2686,32,27,2,2023-05-15,Cash on Delivery
2687,238,13,5,2022-04-15,Debit Card
2688,405,82,1,2023-02-07,Cash on Delivery
2689,60,57,1,2024-09-01,Credit Card
2690,52,70,5,2023-03-17,Cash on Delivery
2691,154,73,1,2025-04-06,Cash on Delivery
2692,441,15,4,2025-08-09,Credit Card
2693,302,82,5,2024-07-23,UPI
2694,129,97,4,2025-05-16,Debit Card
2695,253,81,2,2023-11-05,Cash on Delivery
2696,264,37,3,2023-06-26,Credit Card
2697,175,36,5,2024-10-27,Debit Card
2698,321,57,1,2023-01-09,Cash on Delivery
2699,4,41,5,2024-08-21,Cash on Delivery
2700,84,23,1,2024-06-03,Debit Card
2701,49,57,3,2025-07-30,Credit Card
2702,100,100,1,2023-04-20,Credit Card
2703,158,65,3,2023-10-18,Cash on Delivery
2704,53,88,3,2025-06-02,Credit Card
2705,293,87,2,2023-10-26,Credit Card
2706,99,99,4,2022-12-18,Credit Card
2707,313,85,2,2023-10-29,Cash on Delivery
2708,335,77,4,2023-07-06,Credit Card
2709,478,34,4,2023-09-14,Debit Card
2710,75,40,3,2023-12-26,Debit Card
2711,231,40,4,2025-02-27,Cash on Delivery
2712,391,54,1,2024-04-07,UPI
2713,496,53,3,2025-08-15,Credit Card
2714,500,59,3,2022-02-09,Credit Card
2715,107,85,3,2023-08-27,Debit Card
2716,13,42,4,2024-02-23,Debit Card
2717,286,72,2,2023-03-17,Cash on Delivery
2718,439,36,1,2022-06-02,Credit Card
2719,83,42,4,2025-04-29,Cash on Delivery
2720,488,6,4,2024-09-24,Credit Card
2721,144,78,5,2024-02-08,UPI
2722,52,8,3,2023-07-20,Debit Card
2723,225,37,1,2024-08-24,Credit Card
2724,451,96,1,2023-10-27,Cash on Delivery
2725,423,20,2,2025-04-22,Debit Card
2726,294,26,5,2022-06-30,Cash on Delivery
2727,126,42,5,2025-01-24,Debit Card
2728,286,68,3,2022-02-14,Credit Card
2729,396,99,1,2023-10-05,Debit Card
2730,464,99,4,2023-03-16,Credit Card
2731,165,60,2,2024-08-01,Debit Card
2732,171,26,3,2023-06-07,UPI
2733,72,16,4,2024-05-25,Cash on Delivery
2734,413,63,1,2024-12-18,UPI
2735,468,66,3,2022-02-03,Cash on Delivery
2736,17,65,3,2025-01-08,Cash on Delivery
2737,145,74,3,2025-07-23,UPI
2738,377,10,5,2022-07-08,UPI
2739,273,21,5,2022-06-29,Cash on Delivery
2740,313,84,2,2022-05-30,Cash on Delivery
2741,419,36,4,2024-07-13,Credit Card
2742,334,43,1,2023-01-08,Debit Card
2743,233,68,4,2022-02-13,Cash on Delivery
2744,295,38,1,2025-07-01,Cash on Delivery
2745,10,2,2,2023-10-23,Cash on Delivery
2746,78,34,2,2025-04-11,Debit Card
2747,273,59,2,2025-03-22,Debit Card
2748,458,92,5,2022-11-09,Credit Card
2749,396,19,2,2023-09-24,Credit Card
2750,52,4,5,2025-05-17,UPI
2751,400,17,5,2023-12-15,UPI
2752,168,41,2,2025-09-09,Credit Card
2753,104,39,2,2024-05-18,Debit Card
2754,120,28,3,2022-02-25,Credit Card
2755,450,57,1,2024-02-08,UPI
2756,228,96,2,2024-02-19,UPI
2757,229,57,4,2023-02-11,Credit Card
2758,395,49,5,2022-09-13,UPI
2759,497,23,5,2025-03-30,UPI
2760,84,97,2,2022-09-04,Cash on Delivery
2761,380,78,3,2023-10-11,Cash on Delivery
2762,98,27,1,2024-11-04,Debit Card
2763,245,33,5,2022-08-18,Cash on Delivery
2764,9,1,4,2024-05-10,Cash on Delivery
2765,493,13,3,2024-01-09,Debit Card
2766,429,9,4,2025-08-28,Debit Card
2767,118,90,1,2025-08-25,Cash on Delivery
2768,449,61,1,2023-07-17,Debit Card
2769,24,19,2,2022-12-30,UPI
2770,66,67,2,2022-10-15,Cash on Delivery
2771,391,5,1,2025-05-06,Credit Card
2772,444,95,3,2024-02-01,Cash on Delivery
2773,422,21,4,2022-12-20,Credit Card
2774,480,67,2,2025-10-01,Credit Card
2775,187,15,2,2022-03-03,Cash on Delivery
2776,105,40,4,2025-07-04,Debit Card
2777,466,34,5,2023-10-20,UPI
2778,402,4,3,2022-02-28,Cash on Delivery
2779,18,95,2,2024-04-14,UPI
2780,277,49,5,2024-12-11,Credit Card
2781,81,13,1,2023-12-16,Credit Card
2782,48,54,1,2022-08-19,Cash on Delivery
2783,238,54,5,2024-06-20,Credit Card
2784,439,78,1,2023-09-30,Cash on Delivery
2785,241,33,2,2023-10-24,Debit Card
2786,490,79,1,2024-09-05,Cash on Delivery
2787,384,74,2,2022-09-15,Credit Card
2788,264,17,2,2023-04-07,UPI
2789,381,13,4,2023-08-02,UPI
2790,128,29,3,2023-01-14,Debit Card
2791,169,91,4,2025-09-30,Debit Card
2792,390,17,3,2024-05-14,Debit Card
2793,339,19,5,2022-03-12,Cash on Delivery
2794,324,7,2,2023-01-09,UPI
2795,74,82,1,2023-05-03,Credit Card
2796,204,42,1,2025-03-17,Cash on Delivery
2797,248,45,2,2025-07-11,Cash on Delivery
2798,232,28,4,2025-06-26,Debit Card
2799,280,57,1,2023-07-27,Debit Card
2800,173,24,3,2023-11-30,Cash on Delivery
2801,396,71,4,2025-09-20,UPI
2802,343,44,5,2023-06-23,UPI
2803,401,47,4,2025-08-08,UPI
2804,494,70,2,2022-07-13,Credit Card
2805,500,59,1,2022-09-04,Debit Card
2806,65,45,3,2024-07-15,Cash on Delivery
2807,284,11,5,2023-01-09,Cash on Delivery
2808,420,66,2,2022-10-18,Credit Card
2809,398,3,2,2023-12-26,Credit Card
2810,289,68,5,2022-04-07,Debit Card
2811,277,30,5,2022-12-08,Debit Card
2812,82,13,2,2025-07-24,Credit Card
2813,432,97,2,2025-01-12,Cash on Delivery
2814,440,26,3,2022-04-11,Cash on Delivery
2815,152,50,5,2024-05-12,Cash on Delivery
2816,240,42,2,2023-09-07,UPI
2817,39,33,5,2025-09-30,Debit Card
2818,107,94,5,2025-05-01,UPI
2819,31,97,4,2022-10-15,Credit Card
2820,247,21,2,2024-03-12,Credit Card
2821,331,54,4,2025-04-26,Credit Card
2822,128,45,1,2023-04-09,Debit Card
2823,72,52,1,2025-04-14,Credit Card
2824,106,57,2,2025-10-08,Debit Card
2825,390,42,1,2025-07-28,UPI
2826,267,40,5,2022-07-30,Cash on Delivery
2827,119,85,4,2023-09-04,UPI
2828,278,96,5,2024-07-19,Credit Card
2829,37,97,3,2023-07-12,UPI
2830,196,33,1,2025-07-07,Cash on Delivery
2831,219,75,2,2024-09-24,Debit Card
2832,116,67,1,2022-07-01,Debit Card
2833,124,86,4,2024-06-04,Cash on Delivery
2834,30,82,1,2023-07-28,Debit Card
2835,464,33,5,2023-11-05,Cash on Delivery
2836,342,33,3,2022-06-20,UPI
2837,52,92,4,2023-05-13,Cash on Delivery
2838,114,76,4,2025-09-25,Debit Card
2839,54,100,4,2025-02-22,Cash on Delivery
2840,311,67,4,2022-03-28,UPI
2841,303,83,1,2025-03-24,UPI
2842,61,98,2,2024-01-09,Cash on Delivery
2843,418,51,1,2023-12-13,Cash on Delivery
2844,437,59,5,2024-12-06,UPI
2845,482,52,4,2025-10-02,UPI
2846,111,73,2,2022-02-19,Debit Card
2847,51,38,4,2022-02-28,Cash on Delivery
2848,435,33,3,2025-10-30,Debit Card
2849,181,32,3,2024-07-02,UPI
2850,167,59,3,2022-11-25,Credit Card
2851,286,99,5,2025-08-20,Debit Card
2852,380,52,3,2022-12-19,Cash on Delivery
2853,439,12,3,2023-12-22,Credit Card
2854,163,40,1,2022-07-05,Cash on Delivery
2855,161,80,4,2025-08-02,Credit Card
2856,388,49,2,2023-06-27,Cash on Delivery
2857,180,44,4,2024-01-11,Credit Card
2858,492,22,3,2022-02-02,UPI
2859,98,75,3,2024-11-02,Debit Card
2860,388,72,5,2022-12-31,Cash on Delivery
2861,317,90,1,2023-02-11,UPI
2862,47,92,5,2025-09-20,Cash on Delivery
2863,437,34,2,2023-11-28,Debit Card
2864,204,18,4,2022-08-01,Debit Card
2865,315,73,1,2023-10-26,Credit Card
2866,227,6,2,2025-01-27,Credit Card
2867,342,36,1,2024-10-09,Credit Card
2868,427,89,2,2023-05-18,Credit Card
2869,226,83,2,2022-10-25,UPI
2870,152,32,1,2025-06-07,Cash on Delivery
2871,430,57,4,2025-02-13,Credit Card
2872,212,24,5,2025-04-04,Cash on Delivery
2873,322,74,4,2023-06-20,Debit Card
2874,412,34,4,2024-01-29,Debit Card
2875,461,31,3,2025-01-11,Debit Card
2876,40,89,2,2023-10-21,Credit Card
2877,408,69,5,2022-09-21,UPI
2878,470,65,4,2025-01-01,Debit Card
2879,54,78,2,2023-12-15,Credit Card
2880,239,35,5,2022-04-19,Cash on Delivery
2881,317,57,4,2025-04-25,Cash on Delivery
2882,34,22,1,2025-02-20,Cash on Delivery
2883,287,84,1,2023-12-13,Cash on Delivery
2884,445,91,2,2022-05-11,Debit Card
2885,34,93,3,2025-03-12,Debit Card
2886,486,94,1,2025-05-09,Cash on Delivery
2887,221,91,2,2024-03-22,Credit Card
2888,339,58,3,2025-01-07,Debit Card
2889,170,30,5,2024-11-06,Cash on Delivery
2890,74,99,5,2025-10-27,Debit Card
2891,442,1,5,2022-04-19,Debit Card
2892,301,16,1,2025-06-11,UPI
2893,272,53,2,2023-02-03,Credit Card
2894,308,100,2,2023-01-07,UPI
2895,333,64,1,2023-11-11,UPI
2896,49,52,5,2024-03-04,Cash on Delivery
2897,196,90,4,2022-10-11,Debit Card
2898,94,13,3,2023-12-29,Credit Card
2899,363,56,3,2024-10-20,UPI
2900,95,34,4,2023-02-15,Credit Card
2901,180,83,1,2023-11-27,Cash on Delivery
2902,385,13,5,2023-06-12,UPI
2903,451,78,1,2025-02-14,UPI
2904,350,48,1,2022-12-12,UPI
2905,494,68,1,2022-01-10,Debit Card
2906,197,40,1,2025-03-09,Debit Card
2907,440,9,2,2023-01-22,Cash on Delivery
2908,94,69,2,2023-12-09,UPI
2909,447,88,2,2025-05-13,Debit Card
2910,294,23,4,2022-12-30,Credit Card
2911,417,57,1,2025-06-28,UPI
2912,479,69,1,2023-10-01,Debit Card
2913,56,45,2,2025-04-23,Credit Card
2914,461,13,4,2023-01-31,Credit Card
2915,314,44,4,2025-09-10,Cash on Delivery
2916,402,58,1,2025-10-01,UPI
2917,174,32,3,2022-10-17,Credit Card
2918,492,63,2,2024-04-07,UPI
2919,184,8,4,2025-09-12,UPI
2920,435,67,1,2025-09-20,Debit Card
2921,467,68,5,2025-03-23,Cash on Delivery
2922,388,70,2,2023-08-02,Debit Card
2923,70,58,2,2023-08-23,Cash on Delivery
2924,207,56,4,2022-06-18,Cash on Delivery
2925,13,63,1,2023-10-21,Cash on Delivery
2926,313,50,3,2024-10-16,Debit Card
2927,395,88,1,2024-12-16,UPI
2928,97,12,3,2025-04-18,Credit Card
2929,329,41,1,2024-12-30,UPI
2930,25,39,4,2023-01-21,Debit Card
2931,494,69,1,2024-06-07,Credit Card
2932,261,48,1,2023-03-16,UPI
2933,235,24,2,2023-10-18,UPI
2934,366,27,4,2023-02-28,UPI
2935,24,49,2,2022-08-27,Debit Card
2936,3,31,3,2022-12-29,Cash on Delivery
2937,424,30,3,2024-04-03,UPI
2938,80,19,5,2023-05-20,Debit Card
2939,452,55,5,2025-07-06,Debit Card
2940,105,84,3,2024-04-18,UPI
2941,213,53,4,2023-07-24,Credit Card
2942,419,100,4,2023-06-04,UPI
2943,321,89,4,2022-03-27,Cash on Delivery
2944,66,85,2,2022-05-25,UPI
2945,60,21,4,2022-05-17,Credit Card
2946,275,42,2,2023-06-10,Cash on Delivery
2947,146,69,3,2023-08-07,Debit Card
2948,56,98,1,2024-03-19,Credit Card
2949,487,12,5,2024-10-16,Credit Card
2950,66,67,1,2024-08-18,Cash on Delivery
2951,56,15,2,2022-03-19,Cash on Delivery
2952,95,11,1,2023-05-11,Cash on Delivery
2953,316,48,4,2022-10-20,Cash on Delivery
2954,306,99,1,2025-09-19,Credit Card
2955,394,27,3,2022-03-31,UPI
2956,486,20,3,2023-05-29,Credit Card
2957,180,60,2,2025-08-12,UPI
2958,201,49,2,2023-08-21,UPI
2959,116,24,2,2023-11-19,Cash on Delivery
2960,13,57,1,2023-05-19,Debit Card
2961,286,21,2,2025-01-25,Debit Card
2962,30,15,1,2024-04-19,UPI
2963,317,93,2,2023-10-21,Debit Card
2964,20,19,1,2023-04-24,UPI
2965,196,1,5,2022-04-30,Cash on Delivery
2966,394,73,1,2023-04-05,UPI
2967,289,70,1,2022-02-10,Cash on Delivery
2968,480,74,4,2023-08-02,Cash on Delivery
2969,231,96,2,2025-10-30,Cash on Delivery
2970,314,33,3,2025-07-27,Cash on Delivery
2971,246,20,4,2025-01-03,Debit Card
2972,115,19,3,2025-07-28,Credit Card
2973,494,50,3,2022-11-25,Debit Card
2974,379,3,4,2023-09-07,Credit Card
2975,22,59,4,2025-01-13,Credit Card
2976,206,17,3,2023-03-03,Cash on Delivery
2977,216,54,4,2024-07-15,Cash on Delivery
2978,488,50,4,2024-01-15,Debit Card
2979,167,86,4,2022-09-30,Credit Card
2980,126,28,2,2025-03-10,Credit Card
2981,486,94,5,2024-01-15,Cash on Delivery
2982,281,98,4,2024-02-07,Debit Card
2983,110,51,2,2024-08-21,UPI
2984,278,84,4,2023-09-08,Cash on Delivery
2985,27,26,2,2023-11-23,Credit Card
2986,338,50,5,2024-06-03,Credit Card
2987,483,57,1,2023-02-27,Cash on Delivery
2988,291,86,2,2023-07-14,Credit Card
2989,329,52,5,2023-02-10,Credit Card
2990,211,41,4,2023-05-19,Credit Card
2991,391,63,3,2025-06-04,UPI
2992,347,13,1,2022-06-25,UPI
2993,5,7,3,2022-07-04,Debit Card
2994,477,46,2,2022-11-05,Credit Card
2995,158,9,3,2025-06-30,Debit Card
2996,299,58,4,2023-11-25,Credit Card
2997,149,39,1,2025-02-24,Credit Card
2998,462,20,2,2024-04-30,UPI
2999,273,80,4,2022-11-21,Cash on Delivery
3000,359,36,2,2022-08-21,Credit Card
3001,466,57,1,2022-03-22,Credit Card
3002,451,49,4,2024-02-16,Cash on Delivery
3003,88,99,1,2025-04-15,Debit Card
3004,477,57,5,2025-03-17,Credit Card
3005,230,3,4,2025-10-07,Debit Card
3006,454,44,1,2024-01-28,UPI
3007,91,18,5,2023-09-07,Cash on Delivery
3008,470,20,1,2025-10-01,Credit Card
3009,493,82,3,2023-08-22,UPI
3010,182,78,4,2022-02-02,Cash on Delivery
3011,87,47,3,2023-01-29,Debit Card
3012,267,4,4,2023-10-15,Credit Card
3013,27,84,2,2023-09-20,Debit Card
3014,230,56,3,2022-03-24,Debit Card
3015,384,98,4,2025-09-12,UPI
3016,171,71,1,2022-09-25,UPI
3017,377,74,1,2023-09-12,Cash on Delivery
3018,103,61,4,2024-03-06,UPI
3019,356,87,3,2024-02-08,Debit Card
3020,188,66,4,2024-04-13,Debit Card
3021,68,45,3,2025-02-05,Credit Card
3022,251,37,3,2022-06-20,Cash on Delivery
3023,471,86,1,2025-09-26,Debit Card
3024,442,66,1,2022-02-17,Credit Card
3025,413,98,1,2023-05-13,UPI
3026,91,48,1,2022-11-12,Credit Card
3027,399,12,1,2022-01-20,UPI
3028,378,44,5,2022-05-25,Credit Card
3029,299,81,4,2025-07-16,Debit Card
3030,403,86,1,2025-06-08,UPI
3031,29,91,2,2023-02-13,UPI
3032,96,12,1,2022-01-08,Cash on Delivery
3033,406,88,2,2023-03-07,UPI
3034,368,11,4,2023-10-19,Credit Card
3035,244,26,4,2025-05-24,Credit Card
3036,241,37,5,2022-05-06,Cash on Delivery
3037,95,65,1,2022-06-12,Credit Card
3038,499,26,3,2022-10-22,Credit Card
3039,359,16,1,2023-01-21,Credit Card
3040,435,42,2,2022-11-29,Cash on Delivery
3041,326,76,3,2025-05-16,Cash on Delivery
3042,260,82,3,2023-03-23,Cash on Delivery
3043,129,45,2,2024-12-22,UPI
3044,336,88,3,2023-07-31,Credit Card
3045,34,8,1,2024-10-08,Debit Card
3046,463,94,1,2025-06-23,Cash on Delivery
3047,41,87,4,2022-01-25,UPI
3048,164,76,3,2025-10-26,UPI
3049,292,34,3,2024-07-12,Debit Card
3050,381,62,3,2024-10-20,Debit Card
3051,391,63,3,2025-01-23,Credit Card
3052,117,76,2,2022-03-29,Debit Card
3053,210,60,4,2023-10-27,Cash on Delivery
3054,238,60,4,2022-11-09,Credit Card
3055,378,97,4,2024-05-09,UPI
3056,448,18,3,2024-02-21,Credit Card
3057,205,47,1,2024-06-08,Credit Card
3058,78,76,2,2023-03-21,UPI
3059,9,51,4,2022-11-03,Debit Card
3060,173,26,1,2024-10-15,Cash on Delivery
3061,82,39,5,2023-07-23,Credit Card
3062,98,63,5,2024-10-19,Cash on Delivery
3063,223,21,4,2025-09-25,UPI
3064,181,14,1,2023-10-25,Cash on Delivery
3065,312,38,2,2023-04-27,Cash on Delivery
3066,412,28,4,2024-10-01,UPI
3067,490,40,2,2023-11-25,Debit Card
3068,351,80,4,2025-06-06,UPI
3069,307,17,5,2023-08-01,Debit Card
3070,372,48,2,2024-01-27,Cash on Delivery
3071,33,3,4,2024-01-28,Cash on Delivery
3072,127,27,3,2023-04-24,Debit Card
3073,325,61,3,2025-02-10,Debit Card
3074,296,43,2,2022-09-18,Debit Card
3075,401,81,5,2023-04-14,Credit Card
3076,417,32,4,2025-02-27,Cash on Delivery
3077,456,3,3,2024-11-12,UPI
3078,197,97,2,2025-07-01,Debit Card
3079,42,68,4,2024-08-05,Debit Card
3080,35,58,4,2023-01-31,Debit Card
3081,365,19,3,2022-05-01,Cash on Delivery
3082,127,29,1,2023-11-02,Debit Card
3083,423,80,4,2025-02-24,Credit Card
3084,402,35,3,2024-09-19,Debit Card
3085,310,69,2,2025-08-15,Credit Card
3086,491,77,5,2022-09-04,Debit Card
3087,376,8,2,2024-12-08,Debit Card
3088,128,49,4,2022-01-23,Debit Card
3089,134,27,2,2023-08-30,UPI
3090,15,84,4,2022-06-11,Debit Card
3091,239,100,2,2024-07-03,Cash on Delivery
3092,285,21,5,2024-06-28,Debit Card
3093,56,36,4,2023-07-20,Credit Card
3094,362,78,4,2023-08-07,Credit Card
3095,301,17,3,2022-02-04,UPI
3096,27,42,5,2024-09-04,Debit Card
3097,73,41,4,2025-01-31,UPI
3098,322,56,3,2024-03-21,Credit Card
3099,168,79,1,2025-08-11,Debit Card
3100,166,73,5,2022-03-22,UPI
3101,371,92,2,2024-10-14,UPI
3102,475,9,2,2022-11-07,UPI
3103,268,21,2,2022-07-08,Debit Card
3104,498,46,3,2022-06-16,Cash on Delivery
3105,176,97,1,2024-10-05,Cash on Delivery
3106,280,8,5,2024-05-02,Cash on Delivery
3107,356,20,5,2022-07-03,Credit Card
3108,230,21,1,2023-06-19,Credit Card
3109,123,8,5,2022-02-19,UPI
3110,330,90,2,2024-09-07,UPI
3111,22,29,2,2022-11-09,Credit Card
3112,257,41,3,2024-03-04,Cash on Delivery
3113,10,66,3,2024-10-05,UPI
3114,343,92,4,2025-01-31,UPI
3115,21,26,5,2022-03-15,Credit Card
3116,118,75,4,2022-01-15,Debit Card
3117,360,11,5,2024-01-24,Credit Card
3118,204,28,2,2025-01-03,UPI
3119,469,81,5,2023-07-31,Debit Card
3120,285,48,5,2024-03-06,Credit Card
3121,428,26,5,2023-06-09,Debit Card
3122,101,42,3,2024-03-15,UPI
3123,334,37,4,2022-03-01,Cash on Delivery
3124,309,84,5,2024-04-10,Credit Card
3125,95,15,1,2024-03-04,UPI
3126,381,27,2,2025-03-13,Debit Card
3127,427,89,2,2025-04-29,Debit Card
3128,185,60,1,2025-08-19,Credit Card
3129,291,33,2,2024-11-12,UPI
3130,159,2,2,2023-01-06,Debit Card
3131,106,64,4,2023-11-02,Cash on Delivery
3132,201,78,2,2024-10-03,Cash on Delivery
3133,288,77,3,2025-09-28,Credit Card
3134,40,79,1,2022-01-01,UPI
3135,318,7,1,2023-07-16,UPI
3136,156,57,4,2025-03-09,Credit Card
3137,50,7,3,2023-03-17,Credit Card
3138,498,55,3,2022-06-05,Debit Card
3139,214,84,1,2023-09-02,UPI
3140,461,16,3,2022-10-18,Debit Card
3141,234,27,1,2025-07-27,UPI
3142,451,61,2,2022-01-30,UPI
3143,45,93,2,2024-07-21,Debit Card
3144,139,3,5,2024-09-09,UPI
3145,375,89,2,2023-03-18,UPI
3146,204,87,4,2022-03-03,UPI
3147,255,56,4,2024-04-24,Credit Card
3148,499,2,5,2022-04-01,UPI
3149,492,99,3,2023-07-31,Cash on Delivery
3150,104,35,1,2025-10-06,Debit Card
3151,494,25,2,2024-07-06,UPI
3152,333,6,5,2024-06-10,Cash on Delivery
3153,406,30,1,2023-08-10,Debit Card
3154,46,77,3,2024-07-23,Cash on Delivery
3155,279,21,3,2025-09-10,Debit Card
3156,372,71,5,2022-10-26,Debit Card
3157,377,82,3,2024-04-13,Credit Card
3158,298,52,3,2024-08-15,Debit Card
3159,393,38,2,2025-10-09,Cash on Delivery
3160,346,70,4,2024-01-08,Cash on Delivery
3161,45,78,3,2022-10-09,Debit Card
3162,474,46,4,2024-07-12,Credit Card
3163,456,6,3,2024-11-03,Credit Card
3164,307,44,5,2025-07-19,Credit Card
3165,436,74,2,2023-02-26,Cash on Delivery
3166,42,54,1,2024-10-23,UPI
3167,267,14,5,2022-01-09,Debit Card
3168,479,71,2,2023-04-10,Debit Card
3169,251,15,3,2024-02-04,Cash on Delivery
3170,268,85,4,2023-03-25,Debit Card
3171,384,53,1,2023-04-08,Cash on Delivery
3172,80,89,2,2022-01-02,UPI
3173,254,19,1,2023-09-20,Credit Card
3174,387,52,3,2023-03-05,UPI
3175,488,25,1,2022-02-03,UPI
3176,152,16,2,2023-01-16,UPI
3177,35,33,4,2022-09-01,Cash on Delivery
3178,484,46,4,2022-01-22,Debit Card
3179,176,50,3,2023-03-03,Debit Card
3180,220,80,5,2024-09-06,UPI
3181,348,63,1,2024-10-20,Debit Card
3182,180,4,3,2024-08-27,Cash on Delivery
3183,386,69,1,2024-05-15,Debit Card
3184,486,88,4,2022-02-25,Cash on Delivery
3185,20,63,1,2024-08-30,Debit Card
3186,279,12,1,2023-05-18,UPI
3187,233,49,3,2023-05-10,Cash on Delivery
3188,18,42,3,2025-02-05,Cash on Delivery
3189,111,79,4,2022-07-14,UPI
3190,351,17,5,2025-10-14,UPI
3191,479,65,4,2022-05-22,Credit Card
3192,238,36,5,2024-03-05,UPI
3193,130,75,1,2024-11-24,Cash on Delivery
3194,90,58,3,2022-11-30,UPI
3195,149,77,3,2024-05-23,UPI
3196,352,20,1,2023-02-12,Cash on Delivery
3197,249,32,1,2024-03-04,Credit Card
3198,396,49,1,2023-09-12,Credit Card
3199,115,44,5,2024-10-07,Credit Card
3200,366,57,1,2022-07-27,Credit Card
3201,72,17,5,2025-02-26,UPI
3202,225,64,3,2024-05-30,UPI
3203,363,68,3,2025-07-24,UPI
3204,215,61,1,2023-07-26,Cash on Delivery
3205,286,90,4,2022-05-18,UPI
3206,45,34,3,2024-08-30,Cash on Delivery
3207,260,32,2,2022-09-05,UPI
3208,83,12,5,2023-01-18,Credit Card
3209,229,85,5,2024-02-04,Debit Card
3210,245,9,2,2025-04-07,Cash on Delivery
3211,60,72,1,2023-04-21,Credit Card
3212,76,39,2,2024-03-11,UPI
3213,191,8,5,2022-01-25,UPI
3214,269,86,3,2025-04-14,UPI
3215,156,18,3,2023-05-15,Cash on Delivery
3216,411,28,2,2025-09-21,Cash on Delivery
3217,245,62,2,2022-07-22,Credit Card
3218,199,71,5,2022-05-26,Credit Card
3219,342,17,5,2022-10-25,UPI
3220,245,66,1,2025-03-05,Credit Card
3221,127,81,4,2025-07-05,Debit Card
3222,481,29,3,2024-04-12,UPI
3223,386,56,1,2023-10-19,Cash on Delivery
3224,15,25,3,2024-03-11,Cash on Delivery
3225,311,29,2,2024-09-08,Cash on Delivery
3226,331,97,2,2023-05-10,Debit Card
3227,255,99,1,2024-06-05,UPI
3228,214,9,5,2022-06-23,Credit Card
3229,396,83,1,2024-01-27,Debit Card
3230,202,36,4,2025-08-24,Debit Card
3231,156,69,5,2023-11-01,Debit Card
3232,438,61,5,2024-09-25,Cash on Delivery
3233,388,89,5,2025-02-21,Credit Card
3234,241,44,1,2024-09-29,Debit Card
3235,273,67,5,2025-07-17,UPI
3236,129,81,3,2023-07-10,Debit Card
3237,305,66,2,2023-10-04,Debit Card
3238,465,31,5,2023-01-27,Debit Card
3239,498,40,2,2023-11-18,Cash on Delivery
3240,143,34,5,2024-05-18,Credit Card
3241,394,79,2,2023-08-28,Credit Card
3242,352,88,3,2025-01-16,Debit Card
3243,105,60,5,2024-12-01,Credit Card
3244,61,93,3,2025-07-31,Credit Card
3245,106,77,3,2023-01-10,Cash on Delivery
3246,192,32,4,2024-09-18,Debit Card
3247,478,73,4,2025-01-05,Debit Card
3248,75,33,5,2022-05-28,Debit Card
3249,64,49,5,2024-03-16,UPI
3250,35,25,3,2024-10-10,Cash on Delivery
3251,479,71,5,2023-07-22,Cash on Delivery
3252,102,35,1,2024-05-25,Cash on Delivery
3253,305,14,4,2024-06-14,Cash on Delivery
3254,161,16,2,2023-01-06,UPI
3255,186,98,1,2022-03-26,UPI
3256,143,14,5,2025-01-01,Debit Card
3257,66,13,4,2023-02-24,UPI
3258,457,85,5,2022-05-03,UPI
3259,58,44,5,2023-07-22,Debit Card
3260,221,31,2,2023-03-28,Debit Card
3261,476,71,3,2023-04-30,Credit Card
3262,12,71,5,2023-10-11,Credit Card
3263,88,50,2,2025-01-14,UPI
3264,489,21,1,2025-03-15,Debit Card
3265,415,63,1,2022-07-15,Credit Card
3266,433,53,2,2023-05-11,Cash on Delivery
3267,313,22,2,2023-03-28,Debit Card
3268,55,1,2,2025-10-06,Debit Card
3269,223,75,5,2024-03-02,Cash on Delivery
3270,110,30,1,2022-06-17,Cash on Delivery
3271,365,57,4,2022-11-04,Cash on Delivery
3272,436,79,4,2022-02-17,Debit Card
3273,106,87,4,2024-06-13,Debit Card
3274,165,3,4,2024-11-05,Cash on Delivery
3275,430,57,5,2023-02-25,Debit Card
3276,74,91,1,2025-05-15,Cash on Delivery
3277,87,52,2,2023-03-23,Debit Card
3278,181,52,3,2023-05-25,Debit Card
3279,461,30,4,2025-05-14,Cash on Delivery
3280,492,4,5,2023-05-15,UPI
3281,232,92,1,2024-03-07,Debit Card
3282,185,49,1,2024-10-02,Cash on Delivery
3283,371,58,4,2022-07-03,Cash on Delivery
3284,131,45,2,2023-07-06,Debit Card
3285,467,34,4,2022-11-20,Credit Card
3286,113,75,5,2025-05-11,Credit Card
3287,434,5,4,2024-01-17,UPI
3288,390,30,1,2022-11-22,UPI
3289,316,90,5,2022-04-13,Debit Card
3290,41,68,3,2024-07-16,Credit Card
3291,151,19,4,2023-07-25,Credit Card
3292,118,53,3,2022-12-08,UPI
3293,119,12,5,2022-04-17,Credit Card
3294,148,71,4,2024-05-16,Credit Card
3295,121,3,2,2025-05-19,UPI
3296,35,99,1,2023-07-06,Credit Card
3297,274,16,4,2025-02-07,Debit Card
3298,371,23,2,2024-12-28,Credit Card
3299,126,2,3,2022-12-18,Debit Card
3300,263,3,5,2024-10-30,UPI
3301,202,18,2,2022-04-10,Cash on Delivery
3302,80,17,2,2025-06-01,Debit Card
3303,294,36,4,2023-05-19,Cash on Delivery
3304,90,91,1,2023-05-24,Credit Card
3305,328,78,1,2022-05-18,Cash on Delivery
3306,70,1,3,2024-08-01,Cash on Delivery
3307,347,97,4,2025-02-01,Cash on Delivery
3308,456,68,4,2025-08-18,Debit Card
3309,403,78,5,2024-04-09,Debit Card
3310,269,53,2,2024-10-27,Cash on Delivery
3311,65,5,2,2022-05-31,Debit Card
3312,432,39,1,2025-05-22,Cash on Delivery
3313,196,49,3,2024-02-05,UPI
3314,162,63,2,2022-02-02,Credit Card
3315,223,100,2,2024-07-10,Credit Card
3316,333,39,4,2023-05-16,Credit Card
3317,9,30,4,2023-06-02,Cash on Delivery
3318,205,60,4,2024-01-31,Credit Card
3319,238,17,4,2022-04-16,Credit Card
3320,486,19,1,2023-08-29,Debit Card
3321,28,45,4,2024-03-02,Cash on Delivery
3322,40,77,3,2023-12-28,Cash on Delivery
3323,21,62,1,2023-12-23,Debit Card
3324,100,40,5,2022-12-06,UPI
3325,52,19,5,2023-07-07,UPI
3326,13,66,2,2025-07-15,Debit Card
3327,13,58,4,2023-11-16,Cash on Delivery
3328,178,80,3,2023-08-07,Debit Card
3329,27,67,5,2022-09-10,Cash on Delivery
3330,389,63,4,2024-11-18,UPI
3331,342,100,5,2025-03-05,UPI
3332,496,20,4,2023-11-08,Cash on Delivery
3333,375,93,3,2022-10-22,Credit Card
3334,391,26,1,2025-06-17,Cash on Delivery
3335,142,51,2,2022-03-27,UPI
3336,156,2,2,2023-02-03,Cash on Delivery
3337,292,25,4,2022-11-07,Cash on Delivery
3338,281,73,3,2023-03-08,UPI
3339,34,21,1,2023-06-28,Cash on Delivery
3340,403,9,2,2024-08-17,Credit Card
3341,474,87,4,2022-08-22,UPI
3342,343,59,3,2025-06-17,Debit Card
3343,436,61,3,2025-03-27,Debit Card
3344,324,86,3,2024-12-14,Credit Card
3345,342,88,5,2024-12-01,Debit Card
3346,413,77,2,2023-04-09,UPI
3347,223,62,3,2023-11-04,Debit Card
3348,256,93,4,2022-04-16,Debit Card
3349,411,33,1,2022-10-31,Credit Card
3350,433,29,2,2024-08-08,Credit Card
3351,475,13,5,2024-11-01,Debit Card
3352,212,96,4,2024-05-08,Debit Card
3353,154,11,2,2022-11-29,Cash on Delivery
3354,486,85,1,2023-10-05,UPI
3355,224,52,4,2022-11-12,Cash on Delivery
3356,243,4,3,2024-01-29,UPI
3357,158,31,4,2024-10-04,Cash on Delivery
3358,302,28,4,2024-05-30,Credit Card
3359,147,32,5,2022-12-04,Debit Card
3360,82,77,3,2025-04-30,Cash on Delivery
3361,437,11,1,2022-06-18,UPI
3362,408,95,1,2022-11-04,Cash on Delivery
3363,253,12,2,2022-04-16,UPI
3364,242,23,1,2022-10-01,Debit Card
3365,432,47,3,2025-09-26,UPI
3366,21,22,3,2023-11-08,UPI
3367,20,75,1,2022-03-22,UPI
3368,421,25,2,2024-03-11,Cash on Delivery
3369,56,35,5,2023-08-20,UPI
3370,426,79,3,2022-10-11,UPI
3371,237,78,3,2022-11-19,UPI
3372,255,78,2,2023-08-05,UPI
3373,202,44,2,2024-08-26,Cash on Delivery
3374,184,66,3,2023-08-25,Cash on Delivery
3375,215,31,3,2025-09-26,Debit Card
3376,108,31,4,2022-11-01,Credit Card
3377,19,11,1,2025-04-18,UPI
3378,76,14,4,2022-09-16,Credit Card
3379,371,10,3,2023-11-13,Debit Card
3380,297,31,4,2024-06-10,Cash on Delivery
3381,63,83,5,2025-04-18,Debit Card
3382,480,91,2,2024-08-27,UPI
3383,187,21,4,2023-01-28,Debit Card
3384,34,7,1,2023-06-01,Cash on Delivery
3385,96,64,4,2025-09-10,Cash on Delivery
3386,402,91,3,2024-07-09,Credit Card
3387,418,42,4,2025-09-10,Debit Card
3388,491,97,5,2023-01-12,UPI
3389,446,22,3,2024-05-01,UPI
3390,250,43,2,2022-03-28,Credit Card
3391,123,66,5,2024-10-11,Debit Card
3392,465,26,2,2024-05-05,UPI
3393,395,2,3,2023-12-04,Debit Card
3394,173,1,1,2024-09-15,Credit Card
3395,109,19,3,2025-10-25,Debit Card
3396,272,51,5,2025-04-24,Credit Card
3397,223,99,1,2024-07-20,Debit Card
3398,276,97,4,2022-04-02,Debit Card
3399,171,3,4,2025-04-21,UPI
3400,243,54,4,2025-05-31,Credit Card
3401,473,41,5,2023-04-02,Cash on Delivery
3402,136,39,1,2023-04-15,Debit Card
3403,203,34,1,2024-12-22,Credit Card
3404,21,29,4,2023-05-05,Cash on Delivery
3405,2,56,1,2022-06-05,Debit Card
3406,275,70,4,2022-02-03,Debit Card
3407,394,77,1,2024-10-14,Credit Card
3408,274,85,5,2023-08-12,UPI
3409,438,31,4,2025-02-22,Debit Card
3410,91,70,2,2022-01-30,Cash on Delivery
3411,41,43,2,2024-09-09,UPI
3412,51,17,3,2022-12-13,Debit Card
3413,344,33,4,2022-11-28,Cash on Delivery
3414,105,94,2,2024-01-11,UPI
3415,392,37,3,2025-01-15,UPI
3416,40,20,1,2022-01-07,Credit Card
3417,34,100,3,2023-01-02,UPI
3418,392,58,3,2022-09-06,Cash on Delivery
3419,262,16,4,2025-09-30,Debit Card
3420,403,11,3,2022-07-08,Debit Card
3421,91,50,2,2025-01-21,Debit Card
3422,372,3,5,2022-06-26,UPI
3423,84,19,3,2022-11-25,Credit Card
3424,246,97,3,2022-03-03,Debit Card
3425,437,50,4,2022-08-01,Cash on Delivery
3426,109,22,2,2025-06-25,Cash on Delivery
3427,397,76,1,2023-04-10,Cash on Delivery
3428,286,99,4,2024-03-04,Debit Card
3429,329,48,2,2022-03-27,UPI
3430,232,25,1,2025-03-15,Debit Card
3431,9,86,3,2025-08-21,Debit Card
3432,213,96,1,2023-10-08,Cash on Delivery
3433,44,18,1,2025-05-02,UPI
3434,304,18,4,2024-10-09,Debit Card
3435,62,80,1,2025-07-30,Debit Card
3436,126,40,5,2024-05-21,Debit Card
3437,20,14,1,2023-09-07,Credit Card
3438,357,34,4,2022-11-10,Debit Card
3439,175,53,1,2024-12-23,Debit Card
3440,39,64,3,2023-09-07,Cash on Delivery
3441,12,4,3,2023-11-03,Credit Card
3442,365,12,2,2024-12-11,UPI
3443,186,15,1,2023-06-26,Debit Card
3444,163,16,2,2025-03-26,Credit Card
3445,299,11,2,2022-04-11,Debit Card
3446,160,98,5,2025-01-13,UPI
3447,416,92,5,2025-03-28,Debit Card
3448,465,71,3,2022-07-25,Cash on Delivery
3449,386,6,3,2024-05-10,UPI
3450,337,43,3,2022-04-17,Credit Card
3451,36,13,5,2022-01-09,UPI
3452,457,62,1,2024-08-18,Debit Card
3453,208,70,1,2023-06-26,Credit Card
3454,303,72,2,2022-06-17,Debit Card
3455,87,24,5,2022-08-01,UPI
3456,241,28,2,2022-12-13,Credit Card
3457,209,1,5,2023-07-14,Credit Card
3458,253,71,2,2022-05-02,Cash on Delivery
3459,109,79,4,2023-01-30,Debit Card
3460,177,18,4,2025-04-24,Cash on Delivery
3461,467,75,3,2023-07-06,Credit Card
3462,316,16,4,2023-06-07,Cash on Delivery
3463,1,15,4,2025-04-24,Credit Card
3464,383,33,2,2025-03-26,Credit Card
3465,417,83,5,2022-09-03,Credit Card
3466,68,92,1,2023-04-18,Credit Card
3467,382,6,1,2025-11-01,Cash on Delivery
3468,69,28,3,2022-08-19,UPI
3469,334,27,1,2022-01-29,Cash on Delivery
3470,55,44,2,2024-07-04,Credit Card
3471,76,93,1,2024-01-26,Debit Card
3472,211,49,5,2025-10-25,Debit Card
3473,228,85,2,2025-07-24,Credit Card
3474,106,50,3,2023-01-21,Credit Card
3475,251,63,3,2024-06-14,UPI
3476,130,1,4,2024-08-07,Credit Card
3477,32,8,4,2024-12-09,Debit Card
3478,105,53,1,2023-08-12,Credit Card
3479,146,36,2,2024-05-22,UPI
3480,243,98,5,2022-05-14,Cash on Delivery
3481,179,39,2,2024-07-09,Credit Card
3482,353,36,4,2024-03-10,Debit Card
3483,83,62,2,2024-06-16,Credit Card
3484,9,100,2,2025-08-14,Cash on Delivery
3485,197,29,5,2024-11-09,Credit Card
3486,57,35,3,2024-12-05,Debit Card
3487,354,13,3,2025-09-10,Debit Card
3488,383,52,1,2022-05-09,UPI
3489,124,37,3,2023-05-16,Credit Card
3490,322,64,5,2022-01-07,Credit Card
3491,491,3,3,2025-02-08,Cash on Delivery
3492,291,44,1,2024-09-12,Credit Card
3493,96,14,3,2024-05-20,Debit Card
3494,357,35,5,2023-02-13,Cash on Delivery
3495,343,78,5,2025-03-01,Debit Card
3496,50,49,4,2025-07-03,Credit Card
3497,456,32,3,2022-04-04,Debit Card
3498,183,61,2,2024-12-26,Debit Card
3499,253,30,4,2025-02-25,UPI
3500,354,10,1,2025-03-03,Credit Card
3501,119,53,1,2023-02-24,Cash on Delivery
3502,212,69,1,2022-07-30,Cash on Delivery
3503,368,18,2,2023-03-16,Credit Card
3504,190,13,1,2023-06-10,UPI
3505,471,76,4,2022-09-04,Debit Card
3506,330,76,4,2023-03-05,UPI
3507,175,31,5,2022-09-01,UPI
3508,413,33,5,2025-01-04,Credit Card
3509,23,61,3,2025-01-13,Credit Card
3510,337,97,1,2024-09-29,Credit Card
3511,408,53,3,2022-07-24,UPI
3512,258,75,2,2025-03-24,Debit Card
3513,1,55,3,2024-01-01,Cash on Delivery
3514,285,90,2,2022-02-25,UPI
3515,322,74,1,2025-09-28,Debit Card
3516,99,23,2,2023-04-25,UPI
3517,376,23,2,2023-03-05,Credit Card
3518,68,38,4,2022-05-06,Cash on Delivery
3519,116,80,2,2022-03-06,UPI
3520,372,93,2,2024-01-21,Debit Card
3521,428,88,4,2022-11-12,UPI
3522,427,21,4,2024-02-14,UPI
3523,88,48,1,2024-12-27,Credit Card
3524,351,54,1,2022-06-23,Credit Card
3525,109,10,2,2024-04-30,UPI
3526,223,30,2,2023-06-30,Debit Card
3527,454,58,2,2025-05-02,Credit Card
3528,489,58,4,2022-12-19,Cash on Delivery
3529,143,41,3,2025-05-26,Credit Card
3530,475,94,1,2023-02-06,Cash on Delivery
3531,152,49,5,2024-08-10,UPI
3532,448,75,1,2022-09-17,UPI
3533,118,95,5,2022-08-20,Cash on Delivery
3534,203,84,5,2022-10-04,UPI
3535,266,24,5,2023-04-20,Credit Card
3536,124,7,5,2025-05-27,UPI
3537,124,69,5,2022-06-21,Debit Card
3538,269,69,1,2023-06-16,Debit Card
3539,171,71,2,2023-01-01,UPI
3540,219,63,2,2022-10-14,Credit Card
3541,358,82,1,2024-11-26,Credit Card
3542,320,57,1,2024-05-14,UPI
3543,378,98,3,2024-08-01,Credit Card
3544,349,36,3,2022-03-03,UPI
3545,392,2,1,2025-09-23,UPI
3546,442,93,1,2022-06-21,Debit Card
3547,85,97,5,2022-06-16,UPI
3548,353,25,4,2022-07-21,Cash on Delivery
3549,402,69,3,2022-04-28,UPI
3550,369,20,3,2023-10-03,Cash on Delivery
3551,345,15,5,2025-08-15,Debit Card
3552,386,38,3,2022-11-23,UPI
3553,280,19,5,2025-09-30,Cash on Delivery
3554,148,63,5,2022-06-06,Credit Card
3555,90,98,3,2024-10-23,UPI
3556,161,49,4,2022-03-24,Cash on Delivery
3557,240,4,1,2025-05-12,UPI
3558,2,85,3,2023-05-19,Cash on Delivery
3559,177,82,3,2022-07-01,Debit Card
3560,371,67,3,2024-12-21,Credit Card
3561,208,49,5,2022-09-09,Credit Card
3562,212,20,3,2024-11-13,Credit Card
3563,165,48,1,2024-01-20,Debit Card
3564,421,22,5,2024-02-08,UPI
3565,283,92,1,2025-07-04,Cash on Delivery
3566,28,53,2,2023-05-08,Cash on Delivery
3567,309,79,5,2024-07-31,Debit Card
3568,403,3,5,2025-07-27,Credit Card
3569,65,9,1,2023-07-03,UPI
3570,476,16,4,2023-06-02,UPI
3571,456,72,5,2022-01-11,Debit Card
3572,321,94,3,2025-08-11,Credit Card
3573,281,61,4,2023-05-25,Credit Card
3574,194,92,2,2024-12-18,UPI
3575,205,35,2,2022-11-14,UPI
3576,73,90,4,2025-06-21,Debit Card
3577,372,22,5,2025-03-16,Debit Card
3578,209,39,2,2022-02-12,Credit Card
3579,451,54,2,2024-01-25,Cash on Delivery
3580,110,14,3,2023-05-31,UPI
3581,237,6,4,2023-08-21,Cash on Delivery
3582,81,46,3,2023-08-19,UPI
3583,96,52,2,2025-10-15,Debit Card
3584,175,70,2,2023-08-25,Credit Card
3585,492,94,1,2025-10-01,UPI
3586,241,49,3,2024-04-22,Debit Card
3587,442,38,5,2025-03-25,UPI
3588,396,29,1,2024-01-25,Credit Card
3589,285,90,5,2024-11-28,Credit Card
3590,426,36,3,2022-10-02,Cash on Delivery
3591,313,90,1,2025-10-11,Debit Card
3592,20,38,1,2023-08-20,Credit Card
3593,105,28,2,2023-12-29,Credit Card
3594,425,68,3,2025-04-17,Debit Card
3595,453,91,1,2024-03-19,Credit Card
3596,414,19,1,2022-07-04,UPI
3597,365,77,4,2024-12-13,Cash on Delivery
3598,370,16,5,2022-04-09,Credit Card
3599,124,76,1,2025-07-16,Credit Card
3600,253,28,2,2024-04-09,Debit Card
3601,116,6,4,2022-03-13,UPI
3602,490,11,5,2024-10-31,Cash on Delivery
3603,389,42,4,2022-07-15,Cash on Delivery
3604,492,65,4,2025-02-05,UPI
3605,6,24,2,2022-02-24,UPI
3606,301,14,3,2024-04-29,UPI
3607,282,17,5,2024-12-08,UPI
3608,126,89,4,2023-11-15,Cash on Delivery
3609,327,90,4,2023-06-25,Debit Card
3610,422,77,1,2024-04-30,UPI
3611,452,80,2,2024-03-13,Debit Card
3612,313,45,2,2022-04-29,UPI
3613,160,78,1,2022-09-10,Debit Card
3614,56,70,3,2023-04-08,Credit Card
3615,204,68,4,2023-12-04,UPI
3616,301,18,4,2023-02-03,Credit Card
3617,418,93,2,2023-03-18,Credit Card
3618,38,31,4,2023-07-18,Debit Card
3619,173,54,1,2022-07-08,Debit Card
3620,479,5,3,2022-09-24,Cash on Delivery
3621,482,96,1,2024-01-22,UPI
3622,399,44,2,2024-10-05,Cash on Delivery
3623,220,56,1,2024-11-29,UPI
3624,60,96,2,2024-05-23,UPI
3625,481,6,2,2022-04-24,Credit Card
3626,185,50,4,2025-05-29,UPI
3627,419,98,1,2024-03-02,Credit Card
3628,351,59,1,2023-10-19,Credit Card
3629,52,23,2,2023-06-05,Debit Card
3630,183,7,4,2024-11-08,Credit Card
3631,224,74,1,2024-09-21,Cash on Delivery
3632,218,98,5,2025-08-12,Credit Card
3633,319,27,5,2023-06-25,Debit Card
3634,384,6,1,2023-05-11,Debit Card
3635,459,71,1,2024-12-16,Cash on Delivery
3636,400,25,3,2023-09-04,Credit Card
3637,245,86,5,2024-12-18,Credit Card
3638,209,6,2,2023-04-24,Debit Card
3639,315,93,1,2022-04-20,UPI
3640,342,48,4,2022-02-06,UPI
3641,260,48,5,2025-04-04,UPI
3642,412,38,3,2025-03-21,Credit Card
3643,479,3,4,2023-06-07,Credit Card
3644,207,97,5,2025-03-19,Cash on Delivery
3645,393,80,5,2024-02-09,Debit Card
3646,426,71,5,2025-05-14,Cash on Delivery
3647,46,67,3,2022-10-25,Debit Card
3648,297,50,5,2023-05-24,Credit Card
3649,170,73,1,2023-08-26,UPI
3650,396,65,3,2025-03-12,Credit Card
3651,489,23,2,2022-08-10,Credit Card
3652,430,100,2,2023-08-26,Credit Card
3653,398,56,4,2025-02-28,UPI
3654,209,80,1,2025-02-16,Cash on Delivery
3655,80,51,1,2024-07-25,Cash on Delivery
3656,498,4,4,2022-12-23,Credit Card
3657,159,72,2,2024-11-30,Credit Card
3658,167,86,5,2024-01-11,Credit Card
3659,461,67,2,2025-09-08,UPI
3660,429,37,1,2023-12-07,Cash on Delivery
3661,455,85,1,2022-10-19,Cash on Delivery
3662,175,4,5,2022-10-29,Cash on Delivery
3663,303,98,3,2025-01-20,Credit Card
3664,223,85,3,2022-07-11,Cash on Delivery
3665,294,49,3,2024-04-13,UPI
3666,473,28,1,2025-02-24,Cash on Delivery
3667,415,55,1,2025-10-08,Credit Card
3668,393,25,5,2023-10-05,Debit Card
3669,473,97,1,2023-05-31,Credit Card
3670,398,35,4,2025-01-13,Credit Card
3671,124,76,3,2024-11-08,Debit Card
3672,321,6,1,2022-12-03,Cash on Delivery
3673,386,29,1,2022-01-14,Cash on Delivery
3674,308,51,4,2022-05-09,UPI
3675,60,98,4,2024-10-28,Credit Card
3676,39,11,2,2025-06-07,Debit Card
3677,422,4,1,2022-05-16,Cash on Delivery
3678,271,8,5,2025-08-20,Debit Card
3679,42,38,5,2022-05-30,Debit Card
3680,28,59,4,2022-12-29,Credit Card
3681,447,75,4,2025-08-07,Cash on Delivery
3682,322,19,1,2024-01-25,Credit Card
3683,327,36,3,2022-02-04,Cash on Delivery
3684,226,57,5,2023-07-31,Cash on Delivery
3685,84,8,4,2022-10-14,Cash on Delivery
3686,391,53,2,2025-05-06,Credit Card
3687,177,3,5,2022-07-08,Cash on Delivery
3688,372,81,4,2024-02-27,UPI
3689,83,73,5,2022-05-17,Debit Card
3690,12,51,5,2025-10-13,Debit Card
3691,35,25,2,2023-02-20,Cash on Delivery
3692,119,12,2,2023-10-06,Debit Card
3693,367,22,2,2023-12-08,Cash on Delivery
3694,56,60,5,2022-06-12,Cash on Delivery
3695,6,27,2,2025-10-20,UPI
3696,41,78,2,2022-01-01,Cash on Delivery
3697,58,29,4,2023-05-03,Debit Card
3698,68,60,4,2025-01-23,Debit Card
3699,193,16,2,2023-03-23,Cash on Delivery
3700,39,86,5,2023-08-31,Debit Card
3701,136,76,1,2022-12-12,Debit Card
3702,25,19,4,2023-08-26,UPI
3703,499,13,4,2023-07-19,Debit Card
3704,28,31,4,2023-02-24,Debit Card
3705,426,14,4,2024-08-21,UPI
3706,475,19,4,2024-10-20,Credit Card
3707,469,24,1,2022-01-29,Credit Card
3708,328,12,4,2025-04-21,Credit Card
3709,53,81,2,2023-06-19,Cash on Delivery
3710,88,74,5,2023-11-28,Cash on Delivery
3711,402,94,5,2024-06-15,Credit Card
3712,389,55,2,2025-01-09,Credit Card
3713,449,15,5,2022-12-29,Debit Card
3714,210,4,3,2023-04-14,Cash on Delivery
3715,492,95,1,2024-10-06,Cash on Delivery
3716,207,88,1,2024-07-17,Cash on Delivery
3717,359,8,4,2024-10-13,Credit Card
3718,461,52,5,2022-10-28,UPI
3719,187,98,1,2024-02-10,Credit Card
3720,44,85,2,2023-01-05,Credit Card
3721,323,45,3,2025-10-12,Credit Card
3722,45,51,3,2022-01-31,Debit Card
3723,277,58,1,2023-06-27,Cash on Delivery
3724,292,20,1,2024-12-06,Credit Card
3725,38,74,2,2023-11-02,Cash on Delivery
3726,497,59,5,2022-03-22,Debit Card
3727,121,56,5,2025-06-01,Debit Card
3728,402,70,1,2022-11-21,Credit Card
3729,457,5,3,2022-03-11,Credit Card
3730,340,70,4,2025-05-10,Debit Card
3731,260,38,2,2023-09-03,Debit Card
3732,434,95,5,2024-11-14,UPI
3733,332,11,3,2023-12-12,Cash on Delivery
3734,321,70,5,2024-07-26,UPI
3735,356,84,4,2022-07-07,Debit Card
3736,473,23,2,2025-01-19,Cash on Delivery
3737,230,50,4,2023-02-06,Credit Card
3738,14,79,4,2023-07-17,Cash on Delivery
3739,400,10,5,2022-05-11,Cash on Delivery
3740,254,79,5,2024-10-05,Cash on Delivery
3741,278,20,5,2025-03-22,Cash on Delivery
3742,259,64,2,2022-09-23,Debit Card
3743,265,74,2,2024-10-08,UPI
3744,405,83,5,2023-10-14,UPI
3745,205,83,2,2025-10-29,Credit Card
3746,189,7,3,2022-03-03,Debit Card
3747,387,50,4,2025-06-22,Debit Card
3748,352,59,5,2022-03-20,UPI
3749,345,16,2,2023-07-27,Credit Card
3750,399,96,3,2024-02-07,Debit Card
3751,129,24,5,2024-03-16,Cash on Delivery
3752,304,51,2,2022-10-15,Debit Card
3753,424,79,3,2023-01-16,Credit Card
3754,325,18,5,2025-03-25,Debit Card
3755,405,51,2,2023-02-03,UPI
3756,175,52,2,2023-06-18,UPI
3757,351,88,3,2023-01-18,Debit Card
3758,370,62,2,2023-12-05,Cash on Delivery
3759,86,74,2,2024-04-06,Credit Card
3760,445,89,2,2023-12-05,Debit Card
3761,53,29,5,2022-08-06,Cash on Delivery
3762,190,47,1,2025-08-15,Cash on Delivery
3763,266,34,4,2025-02-18,Debit Card
3764,9,79,3,2024-09-25,Debit Card
3765,423,34,2,2022-01-16,Credit Card
3766,157,81,5,2022-09-03,UPI
3767,475,15,4,2025-05-11,Cash on Delivery
3768,85,7,2,2024-12-04,Debit Card
3769,298,31,3,2022-03-19,UPI
3770,430,47,2,2024-03-18,Debit Card
3771,46,42,3,2024-07-18,UPI
3772,168,42,2,2022-08-08,Credit Card
3773,374,23,3,2025-06-22,Credit Card
3774,419,54,4,2024-12-10,UPI
3775,122,55,4,2023-10-12,UPI
3776,9,80,3,2022-11-03,UPI
3777,146,99,1,2022-03-14,Debit Card
3778,91,59,4,2025-06-14,UPI
3779,357,76,5,2024-08-26,UPI
3780,310,94,2,2024-09-05,UPI
3781,140,47,2,2023-04-27,Debit Card
3782,206,21,2,2023-11-09,Cash on Delivery
3783,214,8,3,2025-04-10,Cash on Delivery
3784,406,97,4,2025-01-08,Cash on Delivery
3785,144,39,2,2022-10-11,Cash on Delivery
3786,362,44,5,2023-11-22,Debit Card
3787,278,81,3,2025-04-19,Cash on Delivery
3788,494,47,3,2025-06-10,Debit Card
3789,92,65,2,2023-09-16,UPI
3790,496,11,4,2023-11-12,UPI
3791,70,1,1,2022-03-29,Credit Card
3792,411,40,3,2025-08-02,Credit Card
3793,301,83,2,2022-05-29,Credit Card
3794,68,83,1,2023-10-30,Debit Card
3795,36,27,1,2023-10-26,Debit Card
3796,247,5,5,2023-02-22,Cash on Delivery
3797,285,95,2,2025-10-28,UPI
3798,146,39,3,2024-11-30,Cash on Delivery
3799,198,76,5,2024-10-01,Credit Card
3800,256,89,2,2024-05-16,Cash on Delivery
3801,461,82,4,2023-08-23,Cash on Delivery
3802,77,96,1,2022-09-23,Debit Card
3803,434,66,2,2024-01-26,Debit Card
3804,108,9,5,2023-03-24,Credit Card
3805,363,70,1,2022-10-01,Credit Card
3806,429,9,2,2023-02-14,Credit Card
3807,450,83,1,2025-07-07,Debit Card
3808,320,12,1,2024-02-12,UPI
3809,454,12,5,2023-05-17,Cash on Delivery
3810,135,63,2,2023-02-22,Cash on Delivery
3811,177,4,5,2022-12-05,Cash on Delivery
3812,207,67,1,2025-09-24,Cash on Delivery
3813,91,24,3,2024-09-10,Cash on Delivery
3814,165,34,3,2025-02-25,Debit Card
3815,248,18,4,2022-11-13,UPI
3816,167,19,5,2022-07-04,Cash on Delivery
3817,196,85,5,2023-05-09,UPI
3818,201,7,5,2023-01-08,Cash on Delivery
3819,492,16,4,2022-12-26,UPI
3820,235,88,2,2023-02-11,Cash on Delivery
3821,404,92,2,2025-03-02,Credit Card
3822,490,4,3,2023-01-08,Credit Card
3823,80,74,5,2025-06-13,Credit Card
3824,380,53,2,2022-07-26,Cash on Delivery
3825,410,42,5,2022-06-04,Debit Card
3826,121,71,5,2022-10-22,Credit Card
3827,460,22,3,2025-08-30,Debit Card
3828,360,32,5,2025-01-11,Credit Card
3829,164,72,3,2023-07-01,Cash on Delivery
3830,63,63,4,2024-10-06,Credit Card
3831,83,51,3,2023-05-22,UPI
3832,293,43,3,2023-06-04,Cash on Delivery
3833,313,92,1,2023-01-05,Cash on Delivery
3834,310,75,4,2022-01-06,Credit Card
3835,293,23,4,2022-05-24,Credit Card
3836,29,43,2,2025-09-27,Cash on Delivery
3837,389,68,4,2022-08-19,Credit Card
3838,252,91,3,2022-10-11,Credit Card
3839,67,20,1,2025-10-14,UPI
3840,69,47,4,2022-04-22,Credit Card
3841,89,5,1,2023-06-28,Cash on Delivery
3842,311,88,4,2024-11-28,Cash on Delivery
3843,179,88,2,2024-02-02,Debit Card
3844,95,31,5,2024-03-18,UPI
3845,409,97,1,2023-02-18,UPI
3846,143,39,2,2024-03-05,UPI
3847,418,74,5,2023-10-19,UPI
3848,236,9,3,2022-11-30,Credit Card
3849,447,94,5,2022-07-11,UPI
3850,399,20,5,2022-12-09,Debit Card
3851,340,4,1,2023-09-13,Credit Card
3852,245,36,5,2023-01-30,UPI
3853,314,26,1,2025-03-26,Cash on Delivery
3854,241,11,2,2025-04-30,Cash on Delivery
3855,48,78,1,2022-10-25,Cash on Delivery
3856,25,82,2,2022-11-07,UPI
3857,107,21,1,2024-07-31,Cash on Delivery
3858,239,97,2,2022-04-20,UPI
3859,311,99,1,2022-08-26,UPI
3860,196,52,1,2022-09-23,Credit Card
3861,22,16,5,2022-03-07,Cash on Delivery
3862,70,93,3,2025-09-17,Cash on Delivery
3863,478,32,2,2025-06-29,Credit Card
3864,19,38,5,2023-01-30,Cash on Delivery
3865,195,44,2,2025-01-03,UPI
3866,339,23,4,2025-08-25,Debit Card
3867,398,67,1,2022-11-03,Debit Card
3868,91,13,1,2023-08-06,UPI
3869,405,72,4,2025-07-04,Credit Card
3870,473,44,1,2025-03-26,Debit Card
3871,69,20,5,2023-08-11,Cash on Delivery
3872,66,3,5,2023-02-01,Debit Card
3873,496,45,4,2022-05-16,UPI
3874,413,28,5,2025-05-06,Debit Card
3875,66,100,5,2024-10-13,UPI
3876,398,13,2,2024-07-18,UPI
3877,73,36,2,2024-05-18,Debit Card
3878,282,42,5,2024-01-21,Cash on Delivery
3879,158,98,2,2023-03-11,UPI
3880,133,10,2,2022-02-22,Credit Card
3881,247,7,4,2022-09-10,Debit Card
3882,315,21,4,2023-04-18,Cash on Delivery
3883,143,8,2,2025-05-11,UPI
3884,227,93,1,2024-06-02,Cash on Delivery
3885,442,76,1,2024-04-24,Credit Card
3886,67,17,3,2024-12-23,UPI
3887,176,41,3,2022-11-21,UPI
3888,114,90,3,2022-03-08,Credit Card
3889,31,16,1,2025-06-15,Debit Card
3890,465,52,4,2025-03-01,Cash on Delivery
3891,189,55,3,2025-06-29,UPI
3892,190,57,5,2025-10-18,Debit Card
3893,191,37,4,2022-12-20,Credit Card
3894,129,62,1,2022-10-08,Debit Card
3895,237,56,1,2022-08-15,UPI
3896,285,8,1,2024-11-19,UPI
3897,20,27,1,2024-04-24,Credit Card
3898,52,58,4,2023-07-20,UPI
3899,251,21,4,2024-11-23,UPI
3900,279,2,5,2022-07-19,Debit Card
3901,230,14,2,2025-04-28,UPI
3902,445,93,1,2023-12-03,UPI
3903,238,11,2,2024-11-07,UPI
3904,210,58,1,2023-05-20,UPI
3905,237,92,2,2023-11-12,UPI
3906,497,7,3,2024-01-10,Debit Card
3907,252,39,2,2024-03-31,Credit Card
3908,59,91,2,2022-02-20,UPI
3909,290,56,2,2023-12-16,Debit Card
3910,229,55,4,2025-05-05,Debit Card
3911,255,4,2,2022-09-04,UPI
3912,171,26,2,2025-05-28,Cash on Delivery
3913,81,57,3,2024-06-14,Cash on Delivery
3914,224,20,1,2023-12-25,UPI
3915,269,31,2,2024-08-30,UPI
3916,17,8,3,2024-04-05,Cash on Delivery
3917,218,13,3,2023-11-08,UPI
3918,387,9,1,2022-04-14,Cash on Delivery
3919,302,63,4,2022-09-12,Debit Card
3920,20,3,3,2025-04-14,Credit Card
3921,279,99,5,2022-05-20,Debit Card
3922,294,1,3,2023-05-26,UPI
3923,163,23,1,2023-06-08,UPI
3924,414,76,3,2025-08-17,Cash on Delivery
3925,476,51,5,2024-12-19,Cash on Delivery
3926,328,29,1,2023-02-11,Cash on Delivery
3927,303,57,1,2024-04-29,Cash on Delivery
3928,309,72,3,2022-07-29,Cash on Delivery
3929,465,49,1,2022-11-01,Credit Card
3930,249,37,1,2024-09-20,Cash on Delivery
3931,293,35,2,2023-04-23,Credit Card
3932,391,42,4,2023-01-10,Credit Card
3933,378,89,5,2025-10-03,Debit Card
3934,299,73,1,2025-06-04,Cash on Delivery
3935,414,2,1,2023-06-25,Credit Card
3936,453,56,2,2022-02-23,Credit Card
3937,240,7,5,2024-08-01,Credit Card
3938,55,12,4,2022-04-23,Credit Card
3939,339,86,1,2025-07-15,Debit Card
3940,49,70,1,2023-04-27,Debit Card
3941,351,90,5,2025-03-16,Cash on Delivery
3942,462,19,1,2022-06-21,Cash on Delivery
3943,493,3,5,2024-10-28,Debit Card
3944,476,85,5,2022-03-04,UPI
3945,497,70,4,2023-06-17,Debit Card
3946,274,18,2,2022-09-04,Cash on Delivery
3947,485,46,5,2024-11-16,Credit Card
3948,293,57,5,2024-02-05,Cash on Delivery
3949,478,2,5,2022-12-20,UPI
3950,416,4,3,2025-01-11,UPI
3951,215,61,3,2024-08-27,UPI
3952,425,24,2,2024-02-18,UPI
3953,154,77,4,2022-07-07,UPI
3954,479,21,5,2024-10-20,Debit Card
3955,406,22,5,2025-10-05,Cash on Delivery
3956,287,65,2,2024-08-06,Cash on Delivery
3957,297,86,4,2025-09-23,UPI
3958,137,6,5,2023-12-28,Credit Card
3959,366,16,3,2022-07-01,Cash on Delivery
3960,58,46,4,2022-04-01,Cash on Delivery
3961,461,71,2,2022-12-29,Cash on Delivery
3962,146,87,5,2025-02-17,Credit Card
3963,171,93,4,2023-12-27,UPI
3964,399,59,5,2025-09-10,Cash on Delivery
3965,94,38,1,2025-05-23,Cash on Delivery
3966,360,82,3,2025-06-02,Cash on Delivery
3967,197,70,2,2023-06-27,Cash on Delivery
3968,14,35,4,2024-11-13,Debit Card
3969,78,9,4,2022-01-24,Credit Card
3970,288,44,1,2024-03-01,Credit Card
3971,82,46,5,2023-05-13,Cash on Delivery
3972,141,70,5,2022-09-14,UPI
3973,258,74,2,2023-06-29,Cash on Delivery
3974,273,90,5,2023-04-12,UPI
3975,451,56,2,2023-06-14,Cash on Delivery
3976,246,20,5,2024-06-30,UPI
3977,218,3,5,2022-05-10,UPI
3978,154,10,2,2022-08-20,Credit Card
3979,184,85,5,2025-08-03,Credit Card
3980,421,27,4,2022-08-10,Credit Card
3981,110,61,4,2022-01-01,Debit Card
3982,96,32,1,2023-06-06,Debit Card
3983,285,66,1,2024-03-31,Debit Card
3984,400,90,1,2022-12-06,Debit Card
3985,465,36,3,2024-10-11,Credit Card
3986,135,16,5,2022-07-19,Cash on Delivery
3987,163,84,1,2023-01-31,Debit Card
3988,141,4,5,2024-05-02,Cash on Delivery
3989,433,9,4,2024-09-18,UPI
3990,396,67,2,2023-06-14,UPI
3991,280,70,1,2024-03-31,Cash on Delivery
3992,427,71,2,2022-07-18,Debit Card
3993,41,57,3,2024-04-27,UPI
3994,404,29,3,2025-06-28,Credit Card
3995,471,51,4,2023-06-27,Cash on Delivery
3996,316,85,5,2025-06-18,Credit Card
3997,358,75,4,2025-06-20,Cash on Delivery
3998,160,65,4,2025-03-07,Debit Card
3999,353,12,3,2023-11-28,Debit Card
4000,161,85,1,2022-08-15,UPI
4001,315,18,5,2025-10-23,Credit Card
4002,30,88,4,2024-01-10,Credit Card
4003,357,49,1,2023-12-21,UPI
4004,37,61,1,2024-05-15,UPI
4005,117,77,5,2025-02-11,Cash on Delivery
4006,107,54,3,2023-05-25,Cash on Delivery
4007,500,91,2,2022-07-24,Debit Card
4008,168,48,5,2022-04-25,Cash on Delivery
4009,249,1,1,2022-02-20,Debit Card
4010,414,18,3,2024-12-22,Debit Card
4011,92,7,3,2024-02-10,Cash on Delivery
4012,350,36,5,2025-06-10,Cash on Delivery
4013,221,64,4,2022-04-13,Debit Card
4014,405,56,3,2022-11-28,UPI
4015,420,40,3,2024-05-17,Debit Card
4016,251,97,4,2023-11-28,UPI
4017,293,58,3,2023-10-16,Credit Card
4018,99,65,5,2022-03-01,Cash on Delivery
4019,67,32,3,2023-06-13,Cash on Delivery
4020,449,49,2,2025-07-21,Credit Card
4021,395,54,3,2023-08-16,UPI
4022,56,51,3,2025-05-21,Debit Card
4023,118,7,1,2025-10-14,Cash on Delivery
4024,83,24,1,2022-12-25,Credit Card
4025,151,24,4,2024-05-26,Cash on Delivery
4026,356,85,4,2023-09-29,Cash on Delivery
4027,69,98,3,2025-06-09,UPI
4028,200,4,1,2022-06-11,Credit Card
4029,144,91,1,2022-07-09,Debit Card
4030,467,65,3,2024-12-28,Cash on Delivery
4031,31,1,5,2022-01-31,UPI
4032,243,76,5,2024-03-22,Cash on Delivery
4033,365,64,5,2022-09-19,Credit Card
4034,448,11,2,2025-03-29,Debit Card
4035,228,2,3,2024-07-02,Credit Card
4036,368,53,3,2022-12-03,Cash on Delivery
4037,39,19,1,2022-12-04,UPI
4038,105,68,3,2023-04-14,Cash on Delivery
4039,176,30,4,2023-12-10,Cash on Delivery
4040,444,97,5,2022-04-09,Cash on Delivery
4041,284,45,2,2024-01-25,Debit Card
4042,486,66,2,2023-09-27,Credit Card
4043,64,86,5,2023-04-22,Debit Card
4044,450,33,3,2023-07-04,UPI
4045,17,87,4,2023-06-06,Debit Card
4046,335,48,3,2025-08-28,Cash on Delivery
4047,174,95,2,2023-02-08,UPI
4048,58,18,2,2022-11-12,Cash on Delivery
4049,147,99,5,2025-06-13,Cash on Delivery
4050,350,80,1,2024-07-12,Cash on Delivery
4051,462,100,4,2023-02-27,Credit Card
4052,341,38,2,2024-09-29,Credit Card
4053,16,25,5,2025-01-08,Cash on Delivery
4054,351,22,1,2024-08-30,Debit Card
4055,366,2,5,2022-05-05,UPI
4056,311,50,2,2022-03-27,Debit Card
4057,169,92,2,2022-03-09,Cash on Delivery
4058,312,30,3,2025-01-21,Credit Card
4059,137,80,2,2023-11-09,Credit Card
4060,452,40,1,2022-03-15,UPI
4061,264,9,4,2024-06-21,Cash on Delivery
4062,259,37,5,2022-05-18,Cash on Delivery
4063,177,23,3,2023-06-05,Debit Card
4064,470,86,3,2023-06-20,Debit Card
4065,219,7,5,2023-03-07,Debit Card
4066,353,9,4,2025-05-19,Credit Card
4067,231,91,5,2022-08-08,UPI
4068,329,88,3,2023-05-09,UPI
4069,76,69,4,2024-10-25,Debit Card
4070,448,69,4,2025-06-28,Cash on Delivery
4071,301,68,5,2022-11-14,UPI
4072,157,41,4,2025-03-31,Credit Card
4073,429,62,1,2023-07-16,Cash on Delivery
4074,349,18,3,2024-02-11,Credit Card
4075,19,12,5,2025-01-11,Cash on Delivery
4076,364,33,2,2023-07-03,Credit Card
4077,464,27,5,2025-08-21,Credit Card
4078,304,58,2,2024-12-03,Credit Card
4079,122,73,1,2022-11-06,UPI
4080,331,85,5,2024-10-20,UPI
4081,201,21,5,2023-03-07,Credit Card
4082,265,66,1,2025-03-29,Credit Card
4083,86,19,1,2022-04-02,UPI
4084,8,24,2,2022-12-26,UPI
4085,9,9,5,2024-03-01,Cash on Delivery
4086,223,49,1,2022-04-03,UPI
4087,261,81,5,2025-10-07,Cash on Delivery
4088,367,50,1,2022-01-23,UPI
4089,419,38,2,2024-02-03,Cash on Delivery
4090,408,12,3,2022-05-07,Credit Card
4091,460,71,3,2023-10-16,Credit Card
4092,329,11,5,2024-11-11,UPI
4093,403,62,3,2024-05-12,Credit Card
4094,100,41,3,2024-04-16,Debit Card
4095,427,87,1,2022-03-13,UPI
4096,102,94,1,2024-07-25,Cash on Delivery
4097,469,24,1,2024-01-28,Debit Card
4098,484,43,5,2024-02-16,Cash on Delivery
4099,428,10,3,2022-02-10,UPI
4100,224,56,4,2024-05-14,Debit Card
4101,48,10,1,2025-08-18,Cash on Delivery
4102,470,48,3,2022-06-27,UPI
4103,361,29,3,2022-01-04,Cash on Delivery
4104,278,42,1,2024-03-27,Debit Card
4105,396,80,4,2022-03-27,UPI
4106,189,99,5,2023-02-03,Cash on Delivery
4107,215,71,2,2023-08-26,Credit Card
4108,194,69,5,2025-03-02,Cash on Delivery
4109,82,50,5,2024-07-29,UPI
4110,271,30,5,2024-06-06,UPI
4111,242,68,4,2025-06-12,UPI
4112,187,4,3,2025-04-26,Cash on Delivery
4113,93,47,4,2022-06-08,Cash on Delivery
4114,460,49,1,2025-05-02,Credit Card
4115,65,3,1,2022-09-29,Cash on Delivery
4116,452,90,3,2024-07-19,Credit Card
4117,195,2,3,2022-06-11,UPI
4118,390,74,3,2022-10-13,UPI
4119,402,60,3,2023-11-19,Debit Card
4120,498,16,4,2024-09-23,Cash on Delivery
4121,149,91,1,2025-10-06,Credit Card
4122,250,38,4,2025-05-18,Credit Card
4123,402,10,1,2025-01-14,Credit Card
4124,144,12,5,2025-04-27,Cash on Delivery
4125,482,18,4,2023-06-30,Credit Card
4126,84,19,5,2024-09-04,Debit Card
4127,263,76,1,2024-07-09,UPI
4128,416,91,3,2024-01-21,Debit Card
4129,470,17,1,2025-02-07,Debit Card
4130,349,38,3,2024-09-22,UPI
4131,164,56,5,2022-09-16,UPI
4132,433,74,2,2022-09-16,Debit Card
4133,255,1,5,2022-02-06,UPI
4134,33,81,4,2023-03-26,Debit Card
4135,210,36,1,2024-07-29,Credit Card
4136,109,18,3,2024-08-20,Credit Card
4137,258,21,5,2025-06-05,Debit Card
4138,455,93,3,2022-01-11,UPI
4139,46,63,5,2025-08-28,Credit Card
4140,83,89,3,2024-07-15,Credit Card
4141,47,18,4,2022-05-29,Cash on Delivery
4142,483,70,3,2022-01-13,Cash on Delivery
4143,34,8,3,2025-02-25,UPI
4144,47,15,5,2024-02-01,UPI
4145,313,23,4,2022-08-12,UPI
4146,162,24,4,2022-06-15,UPI
4147,381,47,2,2024-06-21,UPI
4148,421,73,2,2023-02-13,UPI
4149,17,60,1,2024-05-31,Debit Card
4150,349,2,1,2024-09-17,Debit Card
4151,464,90,1,2024-10-29,Debit Card
4152,288,92,3,2023-08-24,Credit Card
4153,416,83,2,2025-03-08,Cash on Delivery
4154,212,76,5,2025-03-19,Credit Card
4155,443,53,3,2022-09-27,Debit Card
4156,143,61,1,2024-04-26,UPI
4157,492,80,5,2022-10-17,Cash on Delivery
4158,104,40,5,2022-06-19,Credit Card
4159,462,99,1,2022-03-14,Debit Card
4160,171,6,2,2023-12-22,Cash on Delivery
4161,114,88,2,2022-05-21,Cash on Delivery
4162,457,38,2,2024-01-08,Cash on Delivery
4163,132,68,2,2023-11-22,Credit Card
4164,216,68,1,2024-04-10,Debit Card
4165,280,56,1,2024-05-29,Cash on Delivery
4166,100,76,5,2023-03-25,Debit Card
4167,457,39,5,2024-10-27,Credit Card
4168,281,39,2,2023-10-14,Credit Card
4169,196,81,3,2024-04-11,Credit Card
4170,277,7,3,2023-11-16,UPI
4171,229,57,3,2022-04-13,Cash on Delivery
4172,185,58,5,2023-11-19,Debit Card
4173,41,47,4,2022-11-23,Credit Card
4174,290,24,1,2025-05-01,UPI
4175,277,43,3,2022-08-08,UPI
4176,253,81,3,2022-02-26,UPI
4177,456,30,1,2022-06-20,UPI
4178,237,100,5,2024-03-05,UPI
4179,308,88,1,2022-10-19,Debit Card
4180,413,38,4,2025-10-28,Cash on Delivery
4181,28,88,2,2022-12-11,UPI
4182,208,92,5,2024-01-30,Credit Card
4183,162,35,1,2025-10-29,Credit Card
4184,1,11,2,2023-01-09,Cash on Delivery
4185,462,41,5,2024-01-02,UPI
4186,6,21,4,2022-04-14,UPI
4187,164,15,3,2023-03-16,Credit Card
4188,465,45,5,2023-06-16,Cash on Delivery
4189,325,80,3,2022-03-07,Cash on Delivery
4190,145,6,4,2022-07-24,Cash on Delivery
4191,361,25,2,2024-08-07,UPI
4192,477,46,5,2025-10-12,Debit Card
4193,330,4,2,2025-09-26,UPI
4194,25,2,4,2023-08-13,Credit Card
4195,497,39,1,2023-02-21,UPI
4196,2,36,3,2022-09-16,UPI
4197,450,28,4,2022-04-04,Debit Card
4198,33,10,5,2023-09-07,UPI
4199,490,29,3,2025-06-14,Credit Card
4200,492,70,3,2023-12-10,Credit Card
4201,466,48,5,2023-11-29,Credit Card
4202,24,47,4,2022-05-25,UPI
4203,31,53,4,2025-03-12,UPI
4204,330,3,4,2025-03-15,Cash on Delivery
4205,483,71,1,2022-05-31,Cash on Delivery
4206,368,57,4,2023-06-23,UPI
4207,399,90,2,2024-09-07,Debit Card
4208,356,88,2,2023-03-23,Credit Card
4209,292,37,3,2025-04-04,Debit Card
4210,442,29,1,2022-01-06,Cash on Delivery
4211,252,59,4,2022-11-18,Debit Card
4212,168,2,2,2022-11-26,Debit Card
4213,425,2,1,2024-10-07,Credit Card
4214,195,41,3,2022-09-24,Cash on Delivery
4215,95,37,1,2024-07-29,Debit Card
4216,95,75,1,2025-07-09,Credit Card
4217,339,74,2,2023-03-25,Credit Card
4218,158,43,1,2022-05-23,UPI
4219,378,5,5,2022-03-23,Cash on Delivery
4220,430,87,1,2023-12-31,Credit Card
4221,3,82,5,2025-02-12,Cash on Delivery
4222,262,33,2,2022-01-29,Credit Card
4223,454,15,1,2024-02-26,Cash on Delivery
4224,228,29,2,2025-06-16,UPI
4225,145,87,3,2024-07-23,Debit Card
4226,387,73,5,2025-01-17,Cash on Delivery
4227,166,73,2,2022-06-29,Credit Card
4228,304,95,5,2024-05-17,Debit Card
4229,86,51,1,2023-04-18,Credit Card
4230,215,86,2,2022-01-18,Credit Card
4231,235,48,3,2024-12-02,Credit Card
4232,40,33,4,2024-08-06,UPI
4233,356,77,2,2022-01-03,Cash on Delivery
4234,59,12,3,2022-11-28,Credit Card
4235,366,97,5,2022-01-13,Credit Card
4236,97,56,2,2022-07-22,Credit Card
4237,35,46,5,2022-09-12,Cash on Delivery
4238,371,1,3,2025-03-04,UPI
4239,223,14,1,2024-10-27,Cash on Delivery
4240,109,69,3,2023-11-12,UPI
4241,374,76,3,2025-03-11,Cash on Delivery
4242,354,61,2,2022-07-12,Cash on Delivery
4243,285,67,1,2022-04-14,Debit Card
4244,470,31,4,2024-12-31,Credit Card
4245,35,71,4,2025-05-31,Credit Card
4246,261,75,4,2022-12-20,Debit Card
4247,170,40,1,2025-09-08,UPI
4248,264,18,2,2024-09-03,Credit Card
4249,1,7,2,2025-02-02,Credit Card
4250,315,38,5,2022-09-19,Credit Card
4251,70,85,2,2022-05-02,Debit Card
4252,46,36,3,2024-09-24,Debit Card
4253,336,28,2,2024-12-10,UPI
4254,34,54,3,2025-03-28,Credit Card
4255,359,2,2,2025-07-08,UPI
4256,66,5,2,2022-04-14,Debit Card
4257,480,92,2,2023-03-25,Credit Card
4258,67,92,4,2024-10-16,Debit Card
4259,436,17,1,2023-05-15,Debit Card
4260,368,25,1,2022-09-25,UPI
4261,214,43,1,2024-04-13,Debit Card
4262,203,26,1,2025-10-29,UPI
4263,177,92,5,2023-04-18,Cash on Delivery
4264,234,59,3,2024-03-25,UPI
4265,313,69,2,2022-09-28,UPI
4266,351,3,2,2025-05-10,UPI
4267,213,88,1,2024-08-19,Debit Card
4268,194,78,1,2022-11-22,Credit Card
4269,62,4,3,2023-05-23,Debit Card
4270,35,80,4,2024-03-13,Credit Card
4271,78,73,1,2023-02-20,UPI
4272,215,63,1,2024-10-23,UPI
4273,188,52,5,2024-01-25,Cash on Delivery
4274,431,51,4,2022-03-25,Cash on Delivery
4275,120,90,4,2022-11-10,UPI
4276,293,66,4,2024-01-12,Debit Card
4277,31,39,5,2023-08-11,Debit Card
4278,154,84,1,2024-06-22,Cash on Delivery
4279,201,26,3,2025-05-23,Credit Card
4280,368,29,5,2024-05-03,Debit Card
4281,5,39,5,2024-02-11,Credit Card
4282,233,25,2,2022-12-12,Cash on Delivery
4283,69,56,1,2022-07-01,Debit Card
4284,496,19,3,2023-03-20,Cash on Delivery
4285,341,18,3,2025-09-02,Debit Card
4286,137,87,2,2022-07-27,UPI
4287,274,95,4,2025-05-01,UPI
4288,379,80,4,2022-10-30,Credit Card
4289,371,40,1,2025-09-09,Cash on Delivery
4290,135,29,2,2025-02-20,Debit Card
4291,413,31,2,2023-07-31,Cash on Delivery
4292,499,24,3,2025-09-27,UPI
4293,187,69,2,2023-04-06,Credit Card
4294,134,26,1,2023-05-09,UPI
4295,41,91,3,2025-10-01,Cash on Delivery
4296,208,4,3,2023-07-01,Debit Card
4297,443,60,4,2025-02-28,Debit Card
4298,256,43,4,2024-04-02,Debit Card
4299,370,99,3,2023-02-13,Debit Card
4300,496,31,4,2024-01-30,Cash on Delivery
4301,439,35,4,2024-03-02,Cash on Delivery
4302,493,9,4,2023-03-04,Debit Card
4303,65,11,2,2023-12-04,Debit Card
4304,190,3,5,2022-01-17,Debit Card
4305,474,80,3,2024-11-06,UPI
4306,418,44,2,2024-03-28,Credit Card
4307,166,48,5,2024-02-20,Cash on Delivery
4308,155,58,2,2022-08-20,Credit Card
4309,7,59,3,2022-10-07,Credit Card
4310,189,100,5,2022-09-01,Debit Card
4311,93,50,1,2023-08-09,UPI
4312,342,34,5,2025-04-10,Credit Card
4313,127,21,4,2022-08-27,Debit Card
4314,398,41,3,2023-03-14,UPI
4315,232,73,4,2023-03-27,Cash on Delivery
4316,116,14,1,2022-03-03,UPI
4317,254,68,3,2022-12-09,Credit Card
4318,478,16,1,2024-01-25,Cash on Delivery
4319,48,72,3,2023-10-14,Credit Card
4320,108,47,3,2022-12-27,Cash on Delivery
4321,456,65,4,2023-06-16,Debit Card
4322,433,88,4,2022-04-10,UPI
4323,255,25,2,2025-08-20,UPI
4324,355,68,4,2023-12-01,Credit Card
4325,114,57,4,2024-07-16,Credit Card
4326,296,56,4,2025-10-28,Debit Card
4327,209,25,2,2024-08-16,UPI
4328,58,36,1,2025-08-15,UPI
4329,474,98,3,2022-11-09,Cash on Delivery
4330,478,69,1,2022-02-20,Debit Card
4331,167,84,5,2025-09-10,UPI
4332,19,4,2,2024-09-17,Credit Card
4333,374,17,1,2023-09-26,Credit Card
4334,164,60,2,2022-09-03,Cash on Delivery
4335,14,78,3,2023-04-10,UPI
4336,394,28,4,2024-12-19,UPI
4337,254,22,1,2023-02-11,UPI
4338,102,49,5,2023-12-10,Debit Card
4339,364,20,5,2024-03-11,Credit Card
4340,465,93,1,2025-05-15,Credit Card
4341,295,93,4,2023-05-20,Debit Card
4342,66,93,3,2025-06-14,Debit Card
4343,424,85,2,2023-04-26,Credit Card
4344,87,20,4,2023-04-10,Credit Card
4345,458,67,5,2025-05-30,Credit Card
4346,1,37,3,2024-08-28,Credit Card
4347,401,46,2,2022-09-22,Credit Card
4348,217,55,1,2024-11-04,Debit Card
4349,498,5,4,2024-03-24,UPI
4350,465,7,5,2024-07-29,UPI
4351,262,24,4,2025-05-28,Cash on Delivery
4352,404,16,5,2022-11-21,Credit Card
4353,196,5,1,2022-01-29,Cash on Delivery
4354,64,20,4,2022-07-24,Debit Card
4355,331,71,2,2025-02-17,Credit Card
4356,362,12,4,2025-09-26,Cash on Delivery
4357,473,91,3,2024-12-29,Debit Card
4358,400,52,4,2023-02-15,Debit Card
4359,227,97,3,2022-09-26,Credit Card
4360,108,28,2,2022-10-18,Credit Card
4361,471,92,5,2022-02-04,UPI
4362,387,78,3,2023-06-04,Credit Card
4363,178,72,5,2022-11-12,Credit Card
4364,92,94,3,2024-04-09,UPI
4365,194,24,5,2023-11-23,Credit Card
4366,191,84,1,2024-03-08,Credit Card
4367,427,82,4,2023-05-17,UPI
4368,438,83,1,2024-12-24,UPI
4369,140,51,4,2023-07-19,UPI
4370,424,31,1,2024-09-21,Debit Card
4371,118,72,3,2022-09-07,Debit Card
4372,77,2,1,2023-03-27,Cash on Delivery
4373,90,52,1,2024-11-07,Debit Card
4374,340,52,2,2025-03-15,Cash on Delivery
4375,337,47,4,2022-05-10,Debit Card
4376,375,36,4,2022-04-03,Debit Card
4377,164,33,5,2022-05-29,Credit Card
4378,480,81,1,2024-01-25,UPI
4379,220,93,3,2022-05-28,UPI
4380,290,99,3,2023-11-07,Cash on Delivery
4381,140,3,5,2025-10-05,UPI
4382,296,93,4,2025-04-28,Credit Card
4383,303,42,4,2025-01-25,Cash on Delivery
4384,184,24,1,2024-09-04,UPI
4385,416,18,1,2023-06-04,Credit Card
4386,223,21,1,2022-05-26,Cash on Delivery
4387,50,18,1,2022-11-03,Debit Card
4388,38,26,5,2023-05-14,Cash on Delivery
4389,464,80,4,2024-08-05,Cash on Delivery
4390,208,5,5,2024-12-07,Cash on Delivery
4391,111,10,2,2024-05-23,Cash on Delivery
4392,458,62,2,2022-06-13,Credit Card
4393,68,57,4,2025-10-14,UPI
4394,236,44,5,2024-12-22,Cash on Delivery
4395,333,70,4,2023-12-23,Credit Card
4396,431,82,2,2025-07-16,Debit Card
4397,104,15,5,2022-07-07,Cash on Delivery
4398,169,40,2,2022-03-05,Debit Card
4399,94,30,1,2022-10-24,UPI
4400,82,16,5,2022-05-22,Debit Card
4401,432,4,3,2024-09-22,Cash on Delivery
4402,140,37,5,2025-08-03,Cash on Delivery
4403,410,37,4,2022-01-15,UPI
4404,1,18,4,2025-02-23,Cash on Delivery
4405,203,40,3,2025-01-20,Cash on Delivery
4406,255,52,3,2025-03-18,Cash on Delivery
4407,304,58,3,2022-07-02,Cash on Delivery
4408,418,26,4,2023-12-13,Cash on Delivery
4409,354,5,3,2023-11-09,UPI
4410,12,53,2,2023-12-24,Debit Card
4411,358,29,4,2023-02-12,UPI
4412,302,95,4,2023-07-12,Cash on Delivery
4413,316,24,4,2024-06-22,UPI
4414,57,82,5,2025-08-24,Debit Card
4415,71,73,4,2023-04-02,Debit Card
4416,106,7,3,2025-04-30,Cash on Delivery
4417,369,2,2,2024-01-24,Debit Card
4418,57,21,5,2022-11-26,Cash on Delivery
4419,212,87,2,2024-05-23,Debit Card
4420,121,11,3,2025-06-11,Debit Card
4421,470,68,5,2025-02-20,Debit Card
4422,314,51,3,2023-07-31,Cash on Delivery
4423,337,56,2,2023-09-04,Debit Card
4424,386,34,3,2023-03-30,Debit Card
4425,364,33,1,2023-09-18,UPI
4426,203,73,5,2025-04-21,Credit Card
4427,386,78,2,2023-06-14,Debit Card
4428,297,58,3,2023-04-09,Debit Card
4429,450,53,3,2022-02-05,Credit Card
4430,75,29,1,2025-04-30,Debit Card
4431,257,54,2,2025-05-24,Cash on Delivery
4432,371,28,5,2025-10-02,Debit Card
4433,52,32,2,2022-08-01,UPI
4434,458,98,5,2024-07-01,Credit Card
4435,32,89,2,2022-08-24,Cash on Delivery
4436,390,6,4,2023-11-01,Debit Card
4437,461,67,3,2023-01-30,Debit Card
4438,323,91,4,2024-01-29,Debit Card
4439,242,75,2,2022-09-15,UPI
4440,126,2,1,2023-09-11,Debit Card
4441,291,56,3,2024-02-21,UPI
4442,76,93,5,2023-04-03,UPI
4443,422,4,2,2023-12-30,UPI
4444,70,100,1,2023-02-22,Cash on Delivery
4445,171,51,3,2024-12-18,Cash on Delivery
4446,98,43,5,2023-11-22,Cash on Delivery
4447,494,1,5,2024-05-31,UPI
4448,473,74,5,2023-03-24,UPI
4449,134,91,3,2025-02-05,Debit Card
4450,97,34,3,2024-03-23,Cash on Delivery
4451,114,11,1,2023-04-02,Debit Card
4452,25,27,3,2023-01-11,Credit Card
4453,425,53,2,2025-10-05,Credit Card
4454,18,32,2,2023-09-27,Cash on Delivery
4455,150,24,3,2024-04-12,Credit Card
4456,336,14,1,2023-09-09,Credit Card
4457,340,58,5,2024-05-01,Cash on Delivery
4458,401,70,1,2022-03-08,Debit Card
4459,364,91,2,2025-03-11,Debit Card
4460,196,97,5,2022-04-13,Credit Card
4461,454,84,1,2025-08-17,Cash on Delivery
4462,225,37,1,2024-08-11,Debit Card
4463,97,5,3,2023-03-02,Debit Card
4464,30,20,2,2025-01-03,Debit Card
4465,485,7,2,2022-11-28,Debit Card
4466,217,51,3,2023-01-07,Cash on Delivery
4467,385,44,2,2023-02-12,Credit Card
4468,69,67,2,2025-07-01,Credit Card
4469,5,18,1,2022-10-03,Debit Card
4470,206,74,1,2023-03-18,Credit Card
4471,450,2,2,2022-02-14,Credit Card
4472,102,33,4,2024-08-17,Cash on Delivery
4473,35,94,1,2025-10-04,Cash on Delivery
4474,402,59,3,2022-01-22,Cash on Delivery
4475,439,55,2,2024-09-06,Debit Card
4476,385,41,2,2022-04-27,Credit Card
4477,143,83,3,2023-03-08,UPI
4478,41,23,2,2025-04-06,Debit Card
4479,418,63,2,2023-04-27,UPI
4480,111,35,2,2022-04-06,Credit Card
4481,277,38,4,2022-05-20,UPI
4482,47,59,2,2022-12-01,Credit Card
4483,150,7,3,2022-04-30,Cash on Delivery
4484,417,93,4,2023-06-15,Cash on Delivery
4485,374,100,1,2024-09-02,Cash on Delivery
4486,165,34,4,2022-08-05,Credit Card
4487,474,34,1,2024-03-02,Debit Card
4488,328,70,2,2025-01-04,Cash on Delivery
4489,79,87,4,2025-07-12,Credit Card
4490,174,65,1,2023-01-04,Credit Card
4491,163,77,1,2025-04-12,Debit Card
4492,198,51,5,2023-08-01,Debit Card
4493,469,65,2,2023-05-22,Cash on Delivery
4494,128,81,2,2024-07-13,UPI
4495,407,24,1,2022-09-24,UPI
4496,45,7,1,2024-12-23,Cash on Delivery
4497,495,66,1,2023-04-28,Debit Card
4498,353,71,4,2025-06-11,UPI
4499,343,10,4,2022-04-12,Cash on Delivery
4500,150,89,1,2025-07-12,Credit Card
4501,307,20,3,2022-08-01,Debit Card
4502,356,46,2,2025-05-10,Debit Card
4503,377,98,1,2024-10-08,UPI
4504,89,23,2,2024-10-05,Cash on Delivery
4505,384,33,2,2023-03-28,Cash on Delivery
4506,94,21,1,2024-01-09,Debit Card
4507,77,19,1,2024-02-09,Credit Card
4508,193,87,3,2023-06-18,Cash on Delivery
4509,436,25,2,2022-01-04,Credit Card
4510,104,38,3,2023-09-11,Cash on Delivery
4511,450,3,3,2024-10-25,Cash on Delivery
4512,261,77,5,2023-11-09,UPI
4513,139,60,1,2022-12-07,UPI
4514,441,48,5,2025-10-31,Cash on Delivery
4515,393,65,3,2022-05-27,Debit Card
4516,98,88,4,2024-10-14,Debit Card
4517,320,90,2,2024-03-24,Cash on Delivery
4518,325,85,2,2022-11-24,Debit Card
4519,213,30,3,2023-01-14,Cash on Delivery
4520,472,64,4,2023-10-16,Credit Card
4521,82,46,5,2022-11-11,UPI
4522,215,11,4,2023-12-17,UPI
4523,73,78,2,2022-02-26,Debit Card
4524,294,93,2,2022-11-06,Debit Card
4525,60,10,3,2024-04-20,Credit Card
4526,22,20,5,2023-10-13,Debit Card
4527,388,86,5,2024-04-03,Credit Card
4528,224,32,4,2025-09-30,Credit Card
4529,331,53,2,2025-06-28,Debit Card
4530,341,98,2,2022-03-29,Cash on Delivery
4531,194,10,3,2025-09-20,Debit Card
4532,320,66,1,2025-08-16,Debit Card
4533,50,25,2,2022-08-08,Credit Card
4534,336,69,1,2022-03-31,Debit Card
4535,294,69,2,2022-11-18,UPI
4536,420,83,1,2022-12-29,Credit Card
4537,49,23,1,2024-02-02,Debit Card
4538,262,85,1,2024-02-02,Credit Card
4539,446,56,5,2024-05-04,Cash on Delivery
4540,206,39,1,2022-08-01,UPI
4541,272,42,3,2025-02-13,UPI
4542,200,40,3,2022-10-01,UPI
4543,22,50,2,2025-03-13,Cash on Delivery
4544,227,82,5,2024-09-10,Credit Card
4545,426,41,5,2023-11-02,Cash on Delivery
4546,327,52,3,2024-03-28,Debit Card
4547,397,96,1,2025-05-05,Cash on Delivery
4548,371,17,2,2023-08-30,Credit Card
4549,58,79,2,2024-06-12,Credit Card
4550,92,10,2,2023-01-10,UPI
4551,157,89,1,2022-04-04,Debit Card
4552,84,79,3,2024-12-25,Credit Card
4553,408,15,3,2024-09-21,UPI
4554,47,61,5,2024-07-03,Credit Card
4555,423,98,4,2025-04-19,Debit Card
4556,295,89,5,2022-07-17,Credit Card
4557,264,90,2,2022-08-16,UPI
4558,30,29,4,2024-05-14,Cash on Delivery
4559,11,95,2,2022-01-05,UPI
4560,3,45,2,2022-11-27,Debit Card
4561,100,70,4,2023-01-22,UPI
4562,2,42,1,2023-10-31,Credit Card
4563,139,32,5,2023-04-27,UPI
4564,479,46,5,2022-11-28,Cash on Delivery
4565,432,79,2,2025-09-13,UPI
4566,31,58,4,2024-12-29,Cash on Delivery
4567,84,59,4,2023-05-15,Credit Card
4568,91,72,2,2024-10-24,Cash on Delivery
4569,345,27,2,2024-09-17,Cash on Delivery
4570,461,96,1,2024-11-01,Debit Card
4571,326,15,5,2024-04-04,Credit Card
4572,204,59,1,2023-05-23,Cash on Delivery
4573,283,40,1,2022-01-02,UPI
4574,98,20,5,2022-11-18,Credit Card
4575,461,29,5,2022-11-09,UPI
4576,345,70,5,2023-04-04,Debit Card
4577,460,24,4,2025-05-13,UPI
4578,271,62,3,2022-02-10,Cash on Delivery
4579,488,62,4,2024-02-29,UPI
4580,334,6,4,2025-07-12,Debit Card
4581,423,75,2,2022-01-13,UPI
4582,439,84,3,2023-05-22,UPI
4583,319,17,4,2025-05-27,Cash on Delivery
4584,490,53,1,2024-08-01,UPI
4585,181,76,4,2025-04-01,Credit Card
4586,278,89,3,2023-12-18,Cash on Delivery
4587,92,95,1,2022-11-05,Cash on Delivery
4588,193,48,4,2024-12-29,Cash on Delivery
4589,392,22,5,2023-12-26,UPI
4590,71,42,4,2023-02-23,Debit Card
4591,316,65,5,2025-03-04,Credit Card
4592,176,42,2,2025-05-18,Debit Card
4593,344,56,1,2024-06-29,Debit Card
4594,454,18,5,2025-05-29,UPI
4595,228,35,4,2022-10-20,Cash on Delivery
4596,217,76,3,2022-05-09,Cash on Delivery
4597,294,80,4,2024-09-19,UPI
4598,288,1,5,2025-05-04,Cash on Delivery
4599,158,88,4,2023-06-07,Debit Card
4600,352,80,5,2023-08-06,Cash on Delivery
4601,142,10,5,2023-02-01,Debit Card
4602,58,53,4,2023-05-12,Debit Card
4603,430,59,5,2025-07-14,Debit Card
4604,106,52,5,2025-01-03,UPI
4605,195,38,5,2024-12-29,UPI
4606,136,38,3,2022-01-21,Credit Card
4607,340,82,5,2024-03-18,UPI
4608,168,22,1,2022-03-06,Credit Card
4609,205,18,4,2022-03-22,Cash on Delivery
4610,205,38,5,2025-05-17,UPI
4611,10,70,2,2023-07-09,Debit Card
4612,184,67,1,2023-03-30,UPI
4613,285,70,5,2025-02-11,Credit Card
4614,448,86,1,2023-11-07,Cash on Delivery
4615,157,86,5,2025-02-02,Credit Card
4616,317,77,4,2023-06-21,UPI
4617,284,45,4,2023-04-30,UPI
4618,77,58,3,2022-01-27,UPI
4619,1,28,1,2025-10-23,Debit Card
4620,369,50,4,2022-07-28,Debit Card
4621,331,27,1,2024-01-03,Cash on Delivery
4622,150,13,5,2023-06-19,Credit Card
4623,423,57,5,2025-09-23,Debit Card
4624,222,58,5,2022-04-17,Cash on Delivery
4625,468,93,1,2025-08-31,UPI
4626,272,61,2,2024-04-28,UPI
4627,16,15,2,2024-05-25,Debit Card
4628,455,89,1,2022-04-08,Credit Card
4629,139,38,3,2023-06-01,Credit Card
4630,308,77,1,2024-03-16,Cash on Delivery
4631,141,86,3,2024-05-14,Cash on Delivery
4632,420,48,2,2023-09-09,UPI
4633,194,19,2,2022-08-28,Debit Card
4634,467,45,5,2025-05-08,Cash on Delivery
4635,447,62,2,2023-10-08,Cash on Delivery
4636,394,23,2,2023-01-06,UPI
4637,312,2,3,2023-04-29,Credit Card
4638,478,82,3,2024-06-19,UPI
4639,133,64,3,2024-09-10,Cash on Delivery
4640,156,70,3,2023-10-29,Debit Card
4641,306,29,5,2024-06-14,Debit Card
4642,88,13,2,2024-12-30,Credit Card
4643,161,1,4,2022-06-17,Credit Card
4644,148,43,3,2023-03-23,UPI
4645,86,90,5,2022-04-26,UPI
4646,380,32,4,2022-09-19,Credit Card
4647,485,12,1,2024-08-25,Credit Card
4648,473,100,2,2025-07-21,Cash on Delivery
4649,254,21,4,2023-07-09,Credit Card
4650,317,45,5,2023-10-20,Debit Card
4651,284,42,2,2023-01-06,Debit Card
4652,88,88,3,2022-10-14,Debit Card
4653,52,52,1,2024-10-25,Debit Card
4654,251,48,5,2022-06-22,Cash on Delivery
4655,35,8,3,2022-04-17,UPI
4656,186,40,5,2022-07-09,Debit Card
4657,230,59,3,2023-07-06,Cash on Delivery
4658,118,98,3,2025-07-31,Credit Card
4659,183,99,2,2023-09-02,Cash on Delivery
4660,448,68,3,2022-08-18,Cash on Delivery
4661,61,46,5,2023-09-07,Cash on Delivery
4662,103,34,3,2025-05-20,Credit Card
4663,19,43,2,2024-09-27,UPI
4664,114,25,1,2024-12-21,Credit Card
4665,216,11,1,2023-02-16,Credit Card
4666,423,83,5,2025-05-15,Credit Card
4667,219,5,5,2024-08-29,Credit Card
4668,416,72,1,2023-12-24,Credit Card
4669,246,70,4,2023-02-07,UPI
4670,147,72,4,2023-01-12,Debit Card
4671,351,9,3,2023-01-07,UPI
4672,228,89,3,2024-04-16,Debit Card
4673,426,85,2,2023-11-02,Credit Card
4674,248,66,1,2022-07-27,UPI
4675,183,55,4,2023-01-21,Debit Card
4676,143,49,4,2022-06-29,Cash on Delivery
4677,227,96,4,2022-11-29,Cash on Delivery
4678,302,9,3,2023-04-05,Credit Card
4679,417,51,2,2025-04-18,Debit Card
4680,455,49,4,2023-06-21,Debit Card
4681,27,79,5,2025-03-23,UPI
4682,354,5,1,2022-04-09,Debit Card
4683,246,30,5,2022-02-04,Credit Card
4684,427,88,3,2022-12-02,UPI
4685,361,11,5,2025-05-02,Cash on Delivery
4686,340,67,3,2023-08-12,Credit Card
4687,334,38,4,2023-07-22,Debit Card
4688,318,97,5,2024-07-26,Debit Card
4689,225,22,5,2024-01-30,Cash on Delivery
4690,169,82,5,2023-12-15,Credit Card
4691,485,67,1,2025-04-28,UPI
4692,92,19,1,2024-06-22,Cash on Delivery
4693,375,69,5,2025-09-14,UPI
4694,420,18,3,2024-12-19,Credit Card
4695,328,78,4,2022-06-17,Cash on Delivery
4696,8,43,5,2024-12-19,Debit Card
4697,469,34,3,2022-07-22,Debit Card
4698,407,27,4,2024-10-13,Credit Card
4699,268,51,5,2022-08-03,UPI
4700,94,93,2,2025-07-31,UPI
4701,108,68,5,2023-12-01,Cash on Delivery
4702,435,69,1,2022-06-17,Credit Card
4703,313,63,5,2022-06-13,Debit Card
4704,484,44,5,2022-01-24,UPI
4705,378,80,5,2025-07-14,Credit Card
4706,427,14,4,2024-08-16,UPI
4707,190,41,2,2025-02-21,Cash on Delivery
4708,474,55,5,2023-03-02,Credit Card
4709,422,48,1,2025-07-10,Debit Card
4710,382,65,5,2022-02-12,Cash on Delivery
4711,493,96,1,2025-10-01,Debit Card
4712,100,17,4,2022-02-10,UPI
4713,63,74,2,2025-04-12,UPI
4714,6,32,5,2022-09-15,Cash on Delivery
4715,158,18,3,2023-12-17,UPI
4716,125,93,4,2022-03-28,UPI
4717,354,68,3,2024-12-31,UPI
4718,439,65,1,2022-03-29,Debit Card
4719,168,8,2,2023-09-06,Credit Card
4720,366,60,2,2024-03-31,UPI
4721,464,44,5,2024-10-13,Credit Card
4722,195,97,4,2022-10-14,Cash on Delivery
4723,41,28,3,2024-11-09,Cash on Delivery
4724,291,32,2,2023-12-25,Credit Card
4725,409,80,1,2022-01-15,Debit Card
4726,279,42,4,2022-07-05,Debit Card
4727,325,38,4,2025-09-25,Credit Card
4728,45,84,3,2024-03-01,Cash on Delivery
4729,123,75,4,2025-03-09,Credit Card
4730,183,45,1,2022-07-27,Cash on Delivery
4731,149,32,4,2025-10-22,UPI
4732,338,18,5,2023-05-07,Cash on Delivery
4733,249,24,4,2022-02-27,Credit Card
4734,279,77,4,2025-08-24,Cash on Delivery
4735,210,1,3,2023-05-26,Debit Card
4736,91,67,1,2024-02-13,Debit Card
4737,132,9,4,2022-06-06,UPI
4738,458,14,5,2024-08-03,Debit Card
4739,325,27,3,2025-01-01,Debit Card
4740,210,34,1,2024-02-04,UPI
4741,20,25,5,2025-01-24,UPI
4742,70,63,2,2022-01-17,Debit Card
4743,74,63,4,2023-03-04,Cash on Delivery
4744,69,66,1,2023-06-24,Debit Card
4745,347,35,4,2022-08-26,Credit Card
4746,304,41,2,2022-02-14,Cash on Delivery
4747,295,6,4,2024-10-11,Cash on Delivery
4748,134,89,5,2025-07-07,UPI
4749,292,23,2,2024-11-01,Debit Card
4750,481,79,5,2024-07-19,Debit Card
4751,447,41,3,2022-08-18,Credit Card
4752,426,99,3,2025-01-06,Cash on Delivery
4753,70,63,1,2024-07-17,Debit Card
4754,455,26,1,2025-08-07,Cash on Delivery
4755,413,71,5,2022-09-03,UPI
4756,388,50,3,2022-03-13,Credit Card
4757,157,27,5,2024-10-28,UPI
4758,260,64,2,2025-01-28,Cash on Delivery
4759,227,84,3,2024-11-14,Credit Card
4760,375,30,2,2024-04-08,Debit Card
4761,390,61,4,2022-01-29,Debit Card
4762,49,30,1,2025-05-24,UPI
4763,319,15,3,2023-01-31,Cash on Delivery
4764,497,3,2,2025-01-21,Credit Card
4765,203,18,3,2023-06-26,Credit Card
4766,497,6,3,2022-05-19,Credit Card
4767,442,30,1,2025-06-05,UPI
4768,371,84,3,2024-07-11,Cash on Delivery
4769,69,1,3,2023-07-27,UPI
4770,11,8,4,2025-04-26,Debit Card
4771,52,73,2,2022-11-23,Debit Card
4772,191,100,2,2025-02-02,UPI
4773,31,80,4,2025-06-15,Debit Card
4774,51,82,2,2022-10-23,Debit Card
4775,279,60,1,2025-04-17,Cash on Delivery
4776,78,96,4,2023-06-08,Cash on Delivery
4777,105,24,2,2024-02-04,UPI
4778,254,39,2,2023-01-15,Debit Card
4779,8,34,2,2022-12-20,Cash on Delivery
4780,52,14,5,2025-06-27,UPI
4781,19,25,3,2024-02-23,Cash on Delivery
4782,51,89,4,2023-03-17,UPI
4783,244,2,2,2025-01-23,Cash on Delivery
4784,230,89,2,2022-04-25,Credit Card
4785,399,5,1,2025-05-02,Debit Card
4786,400,31,4,2024-04-28,Credit Card
4787,36,74,3,2023-02-07,Cash on Delivery
4788,491,70,5,2022-03-05,UPI
4789,174,60,4,2025-05-23,Debit Card
4790,16,8,1,2024-10-10,Credit Card
4791,70,43,5,2022-01-26,UPI
4792,409,60,2,2025-06-14,Cash on Delivery
4793,46,25,1,2025-09-02,Cash on Delivery
4794,88,21,1,2022-08-12,Credit Card
4795,277,49,5,2022-03-26,Cash on Delivery
4796,453,10,4,2024-10-12,Credit Card
4797,96,16,1,2023-06-04,Debit Card
4798,446,91,3,2024-04-14,UPI
4799,254,15,5,2022-12-09,UPI
4800,243,1,4,2023-06-10,Debit Card
4801,126,53,1,2022-10-24,Credit Card
4802,389,39,3,2022-09-27,Credit Card
4803,185,19,1,2025-08-19,Cash on Delivery
4804,8,19,3,2023-01-06,Credit Card
4805,467,76,3,2022-06-18,Credit Card
4806,489,94,1,2025-04-09,Debit Card
4807,157,95,4,2024-08-29,Credit Card
4808,193,79,1,2023-03-03,Credit Card
4809,216,83,3,2023-10-09,UPI
4810,116,17,4,2024-04-17,UPI
4811,334,60,5,2023-09-07,UPI
4812,497,87,2,2023-07-08,Debit Card
4813,424,89,3,2025-04-11,Debit Card
4814,58,49,1,2022-09-27,UPI
4815,55,74,1,2023-10-17,UPI
4816,88,56,5,2024-04-08,Debit Card
4817,376,78,5,2024-04-27,Debit Card
4818,246,72,4,2024-11-18,Cash on Delivery
4819,65,28,4,2024-02-16,UPI
4820,465,2,5,2024-12-12,Debit Card
4821,160,59,3,2022-02-18,Credit Card
4822,225,85,5,2022-07-01,UPI
4823,293,5,4,2023-08-21,Credit Card
4824,44,56,3,2022-03-31,UPI
4825,207,74,5,2023-02-17,Cash on Delivery
4826,312,94,2,2023-02-09,Debit Card
4827,118,36,5,2023-07-05,Cash on Delivery
4828,139,58,1,2024-10-29,Credit Card
4829,61,29,5,2024-12-16,Cash on Delivery
4830,164,36,4,2023-01-19,Credit Card
4831,366,2,2,2022-05-16,Credit Card
4832,103,96,4,2022-10-31,UPI
4833,184,43,1,2023-03-03,Credit Card
4834,2,8,1,2022-02-07,Cash on Delivery
4835,128,38,4,2024-07-17,Credit Card
4836,304,15,5,2022-01-10,UPI
4837,265,67,5,2025-03-09,UPI
4838,63,33,1,2024-04-11,UPI
4839,12,75,1,2024-02-27,Credit Card
4840,421,31,2,2024-10-09,Credit Card
4841,479,59,5,2025-10-10,Cash on Delivery
4842,379,92,5,2022-04-02,Cash on Delivery
4843,5,70,3,2023-09-07,UPI
4844,483,71,4,2024-09-10,Debit Card
4845,199,32,1,2022-04-14,UPI
4846,472,77,5,2024-11-20,Debit Card
4847,351,29,2,2024-06-08,UPI
4848,456,13,2,2024-07-01,UPI
4849,476,13,5,2022-06-24,Debit Card
4850,48,85,5,2025-02-11,Debit Card
4851,356,34,3,2024-10-23,Credit Card
4852,389,74,3,2022-11-04,UPI
4853,97,82,3,2025-09-23,UPI
4854,36,47,2,2023-10-26,Credit Card
4855,143,53,4,2022-03-03,Cash on Delivery
4856,165,49,5,2025-05-28,Debit Card
4857,146,75,3,2024-04-08,Cash on Delivery
4858,227,19,1,2022-07-15,UPI
4859,282,18,3,2025-08-11,UPI
4860,415,18,5,2022-07-07,Credit Card
4861,472,18,2,2024-11-17,Cash on Delivery
4862,306,99,3,2022-01-03,Credit Card
4863,493,51,2,2022-03-10,Debit Card
4864,257,9,4,2023-06-21,Debit Card
4865,464,18,4,2023-04-11,Debit Card
4866,327,25,4,2023-10-01,Credit Card
4867,487,29,3,2024-07-19,UPI
4868,5,38,1,2022-11-23,UPI
4869,396,72,2,2025-02-03,Debit Card
4870,55,71,1,2024-05-07,UPI
4871,322,23,3,2023-12-10,UPI
4872,147,86,4,2022-08-23,UPI
4873,32,60,5,2022-12-21,Credit Card
4874,29,34,4,2024-04-16,UPI
4875,28,11,2,2025-02-24,Credit Card
4876,268,19,4,2022-06-27,UPI
4877,46,93,2,2023-02-15,Credit Card
4878,291,95,4,2022-05-21,Debit Card
4879,46,17,1,2025-09-03,Debit Card
4880,485,69,3,2022-01-24,Cash on Delivery
4881,377,55,4,2023-10-28,Credit Card
4882,490,99,3,2023-10-02,Cash on Delivery
4883,372,6,3,2025-09-03,Credit Card
4884,458,19,4,2024-05-08,Credit Card
4885,437,82,3,2024-02-24,UPI
4886,55,80,1,2023-11-13,Credit Card
4887,4,47,4,2025-07-05,Credit Card
4888,494,94,3,2024-10-04,Credit Card
4889,133,31,3,2025-02-17,Cash on Delivery
4890,43,63,4,2024-12-31,Credit Card
4891,84,41,1,2025-10-23,Credit Card
4892,423,59,2,2024-03-18,Cash on Delivery
4893,2,66,4,2024-05-06,Cash on Delivery
4894,479,45,4,2022-11-09,Credit Card
4895,142,10,5,2024-06-24,Cash on Delivery
4896,437,70,4,2024-11-11,Debit Card
4897,405,80,3,2024-08-27,Cash on Delivery
4898,425,11,2,2025-03-30,UPI
4899,328,27,3,2022-01-31,UPI
4900,212,14,5,2023-09-14,Cash on Delivery
4901,155,19,2,2023-04-27,Debit Card
4902,443,35,2,2023-09-22,UPI
4903,158,93,4,2024-02-14,Credit Card
4904,486,15,2,2022-06-27,Debit Card
4905,405,82,4,2023-06-02,Debit Card
4906,84,46,3,2025-03-23,Credit Card
4907,9,52,3,2023-08-03,UPI
4908,393,16,1,2025-10-05,Cash on Delivery
4909,397,26,5,2025-02-01,UPI
4910,272,19,4,2023-05-26,UPI
4911,439,86,4,2023-04-24,Debit Card
4912,116,44,5,2023-08-12,Credit Card
4913,371,9,5,2024-11-24,Debit Card
4914,301,54,5,2022-02-17,Cash on Delivery
4915,208,34,1,2023-12-13,UPI
4916,419,13,1,2023-01-08,UPI
4917,83,48,3,2023-02-06,Debit Card
4918,43,93,2,2023-05-22,UPI
4919,61,91,4,2022-04-15,Debit Card
4920,313,96,5,2024-05-18,UPI
4921,422,31,4,2022-10-19,UPI
4922,366,94,5,2024-02-28,UPI
4923,30,26,2,2022-05-08,Credit Card
4924,54,77,4,2025-02-01,UPI
4925,42,12,3,2022-03-08,UPI
4926,108,39,4,2022-08-28,Credit Card
4927,55,97,4,2022-07-22,Cash on Delivery
4928,391,84,5,2024-04-29,UPI
4929,400,96,1,2025-07-14,Cash on Delivery
4930,453,20,3,2025-11-01,UPI
4931,370,65,3,2022-07-21,Debit Card
4932,433,82,4,2024-12-08,Debit Card
4933,445,47,1,2025-07-11,UPI
4934,40,27,4,2023-11-29,Credit Card
4935,173,68,2,2022-09-02,UPI
4936,242,22,5,2024-12-18,Cash on Delivery
4937,268,96,1,2024-08-23,Credit Card
4938,400,60,5,2022-04-26,Credit Card
4939,240,15,4,2022-08-05,Cash on Delivery
4940,15,71,5,2022-08-16,Cash on Delivery
4941,500,20,2,2023-02-20,Cash on Delivery
4942,129,62,4,2022-09-05,Credit Card
4943,249,44,2,2022-03-24,Cash on Delivery
4944,450,54,5,2022-08-06,UPI
4945,94,37,5,2022-01-31,Debit Card
4946,402,46,4,2024-10-22,UPI
4947,8,22,3,2025-10-02,Debit Card
4948,100,99,2,2023-03-13,Cash on Delivery
4949,494,24,2,2022-09-06,Cash on Delivery
4950,300,5,4,2025-05-18,Cash on Delivery
4951,283,46,4,2023-06-16,Cash on Delivery
4952,342,61,1,2024-03-07,Cash on Delivery
4953,350,88,3,2022-05-16,Cash on Delivery
4954,318,89,1,2023-05-19,Debit Card
4955,357,96,2,2022-07-03,Debit Card
4956,29,95,1,2024-04-12,Debit Card
4957,422,19,4,2022-05-29,UPI
4958,246,2,2,2023-02-09,Debit Card
4959,24,84,5,2023-06-13,Credit Card
4960,145,28,1,2025-06-23,Credit Card
4961,296,18,3,2025-01-14,Debit Card
4962,258,9,2,2022-02-18,UPI
4963,155,14,4,2025-05-15,UPI
4964,417,2,3,2023-04-14,UPI
4965,76,13,3,2022-05-26,Cash on Delivery
4966,244,93,3,2025-01-31,Cash on Delivery
4967,358,38,4,2023-05-17,Credit Card
4968,342,79,3,2023-04-22,Debit Card
4969,282,12,1,2022-01-07,Debit Card
4970,9,16,3,2024-10-18,Cash on Delivery
4971,133,99,2,2024-10-01,Cash on Delivery
4972,439,16,3,2024-08-25,Credit Card
4973,283,44,3,2022-08-16,Credit Card
4974,280,99,1,2024-07-08,Cash on Delivery
4975,169,13,2,2023-04-25,Debit Card
4976,392,73,4,2024-11-03,UPI
4977,175,47,3,2022-11-13,Cash on Delivery
4978,438,82,1,2025-10-07,Cash on Delivery
4979,83,30,4,2022-02-08,Credit Card
4980,152,38,4,2024-01-28,Debit Card
4981,217,99,4,2024-08-17,Credit Card
4982,19,46,1,2024-06-23,UPI
4983,14,59,2,2022-05-06,Cash on Delivery
4984,63,47,4,2023-06-24,Cash on Delivery
4985,273,83,2,2024-09-12,UPI
4986,111,13,4,2023-10-14,Debit Card
4987,117,68,1,2023-01-16,Cash on Delivery
4988,152,10,3,2024-10-27,Debit Card
4989,362,59,2,2024-02-25,UPI
4990,83,73,2,2023-11-12,Debit Card
4991,395,97,4,2024-12-17,Cash on Delivery
4992,76,58,2,2025-02-10,Debit Card
4993,24,58,4,2024-05-27,Debit Card
4994,70,2,4,2025-08-29,Cash on Delivery
4995,350,27,2,2024-09-06,UPI
4996,441,91,2,2023-11-24,Credit Card
4997,373,71,4,2024-09-01,Cash on Delivery
4998,355,18,3,2025-05-21,Credit Card
4999,112,68,4,2024-10-29,Cash on Delivery
5000,311,7,4,2025-10-07,UPI
